,hostname,hd_name,hip_name,pl_name,disc_year,pl_orbper
189,Kepler-1000,,,Kepler-1000 b,2016,120.0181272
182,Kepler-1002,,,Kepler-1002 b,2016,4.336429331
108,Kepler-1003,,,Kepler-1003 b,2016,3.554856915
597,Kepler-1004,,,Kepler-1004 b,2016,5.28789787
190,Kepler-1005,,,Kepler-1005 b,2016,6.49801525
1358,Kepler-1006,,,Kepler-1006 b,2016,19.76172042
613,Kepler-1007,,,Kepler-1007 b,2016,5.185002073
208,Kepler-1008,,,Kepler-1008 b,2016,12.43931193
290,Kepler-1009,,,Kepler-1009 b,2016,11.35011917
622,Kepler-1010,,,Kepler-1010 b,2016,34.2685705
337,Kepler-1011,,,Kepler-1011 b,2016,5.753221974
213,Kepler-1012,,,Kepler-1012 b,2016,5.50860439
1225,Kepler-1013,,,Kepler-1013 b,2016,18.93054959
623,Kepler-1014,,,Kepler-1014 b,2016,16.57110363
165,Kepler-1015,,,Kepler-1015 b,2016,16.00494214
1256,Kepler-1017,,,Kepler-1017 b,2016,7.23400469
194,Kepler-1018,,,Kepler-1018 b,2016,49.1013514
858,Kepler-1019,,,Kepler-1019 b,2016,1.411229847
591,Kepler-1020,,,Kepler-1020 b,2016,96.9151496
1357,Kepler-1021,,,Kepler-1021 b,2016,13.47469571
419,Kepler-1022,,,Kepler-1022 b,2016,10.99469878
1227,Kepler-1023,,,Kepler-1023 b,2016,62.1387714
859,Kepler-1024,,,Kepler-1024 b,2016,66.4162133
596,Kepler-1025,,,Kepler-1025 b,2016,37.3229493
199,Kepler-1026,,,Kepler-1026 b,2016,36.5156053
666,Kepler-1027,,,Kepler-1027 b,2016,1.907805199
377,Kepler-1028,,,Kepler-1028 b,2016,2.51462432
171,Kepler-1029,,,Kepler-1029 b,2016,4.417696479
380,Kepler-1030,,,Kepler-1030 b,2016,19.32952416
385,Kepler-1031,,,Kepler-1031 b,2016,1.22621732
307,Kepler-1032,,,Kepler-1032 b,2016,3.290117953
310,Kepler-1033,,,Kepler-1033 b,2016,7.56052806
1326,Kepler-1034,,,Kepler-1034 b,2016,12.12400943
106,Kepler-1035,,,Kepler-1035 b,2016,2.714077555
64,Kepler-1036,,,Kepler-1036 b,2016,122.8808058
608,Kepler-1037,,,Kepler-1037 b,2016,1.063788673
785,Kepler-1039,,,Kepler-1039 b,2016,0.934884242
178,Kepler-1040,,,Kepler-1040 b,2016,201.1214
384,Kepler-1041,,,Kepler-1041 b,2016,24.7576421
835,Kepler-1042,,,Kepler-1042 b,2016,10.13202575
112,Kepler-1043,,,Kepler-1043 b,2016,38.5053398
133,Kepler-1044,,,Kepler-1044 b,2016,6.77408868
1342,Kepler-1045,,,Kepler-1045 b,2016,26.41045478
11,Kepler-1046,,,Kepler-1046 b,2016,14.37508035
405,Kepler-1048,,,Kepler-1048 b,2016,6.92101021
439,Kepler-1049,,,Kepler-1049 b,2016,3.273460736
578,Kepler-1051,,,Kepler-1051 b,2016,25.96200249
1244,Kepler-1053,,,Kepler-1053 b,2016,2.414351654
97,Kepler-1054,,,Kepler-1054 b,2016,4.30655689
326,Kepler-1055,,,Kepler-1055 b,2016,2.295036233
416,Kepler-1056,,,Kepler-1056 b,2016,27.495606
1334,Kepler-1057,,,Kepler-1057 b,2016,14.08827448
605,Kepler-1058,,,Kepler-1058 b,2016,110.96546
398,Kepler-1059,,,Kepler-1059 b,2016,3.764191048
887,Kepler-1060,,,Kepler-1060 b,2016,46.8779367
18,Kepler-1061,,,Kepler-1061 b,2016,2.757982666
120,Kepler-1062,,,Kepler-1062 b,2016,9.30412078
187,Kepler-1063,,,Kepler-1063 b,2016,14.07971466
30,Kepler-1064,,,Kepler-1064 b,2016,16.54080322
230,Kepler-1066,,,Kepler-1066 b,2016,1.931559839
592,Kepler-1068,,,Kepler-1068 b,2016,16.92344113
593,Kepler-1069,,,Kepler-1069 b,2016,23.8990296
1305,Kepler-1070,,,Kepler-1070 b,2016,6.2216147
956,Kepler-1071,,,Kepler-1071 b,2016,6.1799844
1015,Kepler-1072,,,Kepler-1072 b,2016,1.569066502
895,Kepler-1074,,,Kepler-1074 b,2016,5.94566534
1393,Kepler-1075,,,Kepler-1075 b,2016,1.52372816
188,Kepler-1076,,,Kepler-1076 b,2016,6.14727918
1404,Kepler-1077,,,Kepler-1077 b,2016,34.3511874
31,Kepler-1078,,,Kepler-1078 b,2016,3.00725242
1405,Kepler-1079,,,Kepler-1079 b,2016,13.24503188
288,Kepler-1080,,,Kepler-1080 b,2016,77.2548396
209,Kepler-1081,,,Kepler-1081 b,2016,3.856918547
586,Kepler-1082,,,Kepler-1082 b,2016,1.543206604
152,Kepler-1083,,,Kepler-1083 b,2016,33.4177993
289,Kepler-1084,,,Kepler-1084 b,2016,2.05333679
95,Kepler-1087,,,Kepler-1087 b,2016,0.693842855
1238,Kepler-1088,,,Kepler-1088 b,2016,23.12748644
33,Kepler-1089,,,Kepler-1089 b,2016,5.132485618
353,Kepler-1091,,,Kepler-1091 b,2016,1.434741564
1312,Kepler-1092,,,Kepler-1092 b,2016,58.6017925
356,Kepler-1094,,,Kepler-1094 b,2016,78.1000231
16,Kepler-1095,,,Kepler-1095 b,2016,4.27103091
15,Kepler-1096,,,Kepler-1096 b,2016,2.892217506
111,Kepler-1097,,,Kepler-1097 b,2016,187.747029
215,Kepler-1098,,,Kepler-1098 b,2016,2.543072855
207,Kepler-1099,,,Kepler-1099 b,2016,2.168452593
67,Kepler-1100,,,Kepler-1100 b,2016,6.42200058
515,Kepler-1101,,,Kepler-1101 b,2016,81.3151059
43,Kepler-1102,,,Kepler-1102 b,2016,51.3285623
568,Kepler-1103,,,Kepler-1103 b,2016,19.79191978
609,Kepler-1104,,,Kepler-1104 b,2016,5.03728015
910,Kepler-1105,,,Kepler-1105 b,2016,4.421572182
1319,Kepler-1106,,,Kepler-1106 b,2016,1.252752174
569,Kepler-1107,,,Kepler-1107 b,2016,0.571038518
90,Kepler-1108,,,Kepler-1108 b,2016,4.51005748
266,Kepler-1109,,,Kepler-1109 b,2016,37.6467384
727,Kepler-1110,,,Kepler-1110 b,2016,9.69312032
911,Kepler-1111,,,Kepler-1111 b,2016,8.79617863
912,Kepler-1112,,,Kepler-1112 b,2016,14.36267939
421,Kepler-1113,,,Kepler-1113 b,2016,42.3004954
602,Kepler-1114,,,Kepler-1114 b,2016,14.97435694
734,Kepler-1115,,,Kepler-1115 b,2016,23.5540725
735,Kepler-1116,,,Kepler-1116 b,2016,41.6977827
614,Kepler-1117,,,Kepler-1117 b,2016,4.79028459
130,Kepler-1118,,,Kepler-1118 b,2016,38.6715075
736,Kepler-1119,,,Kepler-1119 b,2016,8.3265153
184,Kepler-1120,,,Kepler-1120 b,2016,2.949029052
610,Kepler-1121,,,Kepler-1121 b,2016,13.15141081
741,Kepler-1122,,,Kepler-1122 b,2016,42.1917357
457,Kepler-1123,,,Kepler-1123 b,2016,4.33946454
191,Kepler-1124,,,Kepler-1124 b,2016,2.852348975
458,Kepler-1125,,,Kepler-1125 b,2016,17.6700642
913,Kepler-1127,,,Kepler-1127 b,2016,5.12330347
164,Kepler-1128,,,Kepler-1128 b,2016,61.6178167
343,Kepler-1131,,,Kepler-1131 b,2016,3.53232449
462,Kepler-1132,,,Kepler-1132 b,2016,62.8916228
193,Kepler-1133,,,Kepler-1133 b,2016,11.55562343
345,Kepler-1134,,,Kepler-1134 b,2016,17.13263989
1313,Kepler-1135,,,Kepler-1135 b,2016,76.957857
463,Kepler-1136,,,Kepler-1136 b,2016,2.361724329
192,Kepler-1137,,,Kepler-1137 b,2016,23.9210791
357,Kepler-1138,,,Kepler-1138 b,2016,3.17060005
611,Kepler-1139,,,Kepler-1139 b,2016,0.813166719
1364,Kepler-1140,,,Kepler-1140 b,2016,24.0862707
1242,Kepler-1141,,,Kepler-1141 b,2016,2.344511944
205,Kepler-1142,,,Kepler-1142 b,2016,18.3027248
1365,Kepler-1144,,,Kepler-1144 b,2016,17.14647302
922,Kepler-1145,,,Kepler-1145 b,2016,3.97076766
468,Kepler-1146,,,Kepler-1146 b,2016,2.352265797
88,Kepler-1147,,,Kepler-1147 b,2016,10.62784997
707,Kepler-1148,,,Kepler-1148 b,2016,1.104463509
366,Kepler-1149,,,Kepler-1149 b,2016,3.73089898
743,Kepler-1150,,,Kepler-1150 b,2016,2.787868386
367,Kepler-1151,,,Kepler-1151 b,2016,65.6478424
358,Kepler-1152,,,Kepler-1152 b,2016,1.646801908
363,Kepler-1153,,,Kepler-1153 b,2016,1.755835327
1380,Kepler-1155,,,Kepler-1155 b,2016,33.469743
1243,Kepler-1156,,,Kepler-1156 b,2016,11.89520511
374,Kepler-1157,,,Kepler-1157 b,2016,4.45743164
959,Kepler-1158,,,Kepler-1158 b,2016,13.5396293
829,Kepler-1159,,,Kepler-1159 b,2016,22.70816791
376,Kepler-1160,,,Kepler-1160 b,2016,7.97034958
708,Kepler-1161,,,Kepler-1161 b,2016,10.71252541
136,Kepler-1163,,,Kepler-1163 b,2016,6.11786898
960,Kepler-1164,,,Kepler-1164 b,2016,3.97599768
744,Kepler-1166,,,Kepler-1166 b,2016,33.2406882
745,Kepler-1167,,,Kepler-1167 b,2016,1.003933739
709,Kepler-1168,,,Kepler-1168 b,2016,55.8226539
819,Kepler-1169,,,Kepler-1169 b,2016,6.11009134
1392,Kepler-1170,,,Kepler-1170 b,2016,9.98969327
746,Kepler-1171,,,Kepler-1171 b,2016,1.44259224
479,Kepler-1172,,,Kepler-1172 b,2016,26.0204423
240,Kepler-1173,,,Kepler-1173 b,2016,0.7698536
212,Kepler-1174,,,Kepler-1174 b,2016,6.89225223
186,Kepler-1175,,,Kepler-1175 b,2016,37.94563
359,Kepler-1176,,,Kepler-1176 b,2016,24.1738579
1152,Kepler-1177,,,Kepler-1177 b,2016,106.247547
364,Kepler-1178,,,Kepler-1178 b,2016,31.80634
270,Kepler-1179,,,Kepler-1179 b,2016,2.685057492
747,Kepler-1180,,,Kepler-1180 b,2016,16.8601286
1403,Kepler-1182,,,Kepler-1182 b,2016,11.17394617
487,Kepler-1183,,,Kepler-1183 b,2016,28.5057189
621,Kepler-1184,,,Kepler-1184 b,2016,53.5991044
1416,Kepler-1185,,,Kepler-1185 b,2016,104.3518976
710,Kepler-1186,,,Kepler-1186 b,2016,16.07677615
488,Kepler-1187,,,Kepler-1187 b,2016,18.87064068
678,Kepler-1188,,,Kepler-1188 b,2016,17.1369543
489,Kepler-1189,,,Kepler-1189 b,2016,3.78858982
221,Kepler-1190,,,Kepler-1190 b,2016,10.45843441
860,Kepler-1191,,,Kepler-1191 b,2016,5.60014851
495,Kepler-1192,,,Kepler-1192 b,2016,25.2034787
1271,Kepler-1193,,,Kepler-1193 b,2016,2.832652134
44,Kepler-1194,,,Kepler-1194 b,2016,16.22371307
748,Kepler-1195,,,Kepler-1195 b,2016,8.49642241
148,Kepler-1196,,,Kepler-1196 b,2016,66.1849031
961,Kepler-1197,,,Kepler-1197 b,2016,2.03231845
45,Kepler-1198,,,Kepler-1198 b,2016,7.6847716
1047,Kepler-1199,,,Kepler-1199 b,2016,15.0447198
54,Kepler-12,,,Kepler-12 b,2011,4.4379629
1204,Kepler-1200,,,Kepler-1200 b,2016,1.118549717
118,Kepler-1201,,,Kepler-1201 b,2016,15.18725932
274,Kepler-1202,,,Kepler-1202 b,2016,28.6851324
1387,Kepler-1203,,,Kepler-1203 b,2016,0.588000765
155,Kepler-1204,,,Kepler-1204 b,2016,85.7350285
638,Kepler-1205,,,Kepler-1205 b,2016,1.078390352
226,Kepler-1206,,,Kepler-1206 b,2016,1.216997663
29,Kepler-1207,,,Kepler-1207 b,2016,13.68237119
1320,Kepler-1208,,,Kepler-1208 b,2016,11.08507637
76,Kepler-1209,,,Kepler-1209 b,2016,25.369116
868,Kepler-1210,,,Kepler-1210 b,2016,8.07124073
143,Kepler-1211,,,Kepler-1211 b,2016,11.01816836
323,Kepler-1212,,,Kepler-1212 b,2016,12.94130146
575,Kepler-1213,,,Kepler-1213 b,2016,5.34982412
1389,Kepler-1214,,,Kepler-1214 b,2016,18.82634264
174,Kepler-1215,,,Kepler-1215 b,2016,4.76703963
324,Kepler-1216,,,Kepler-1216 b,2016,4.37034536
381,Kepler-1217,,,Kepler-1217 b,2016,2.032325072
21,Kepler-1218,,,Kepler-1218 b,2016,22.9221266
576,Kepler-1219,,,Kepler-1219 b,2016,16.10467749
275,Kepler-1220,,,Kepler-1220 b,2016,7.42693741
383,Kepler-1221,,,Kepler-1221 b,2016,12.00096042
22,Kepler-1222,,,Kepler-1222 b,2016,1.916944254
721,Kepler-1223,,,Kepler-1223 b,2016,16.301259
1010,Kepler-1224,,,Kepler-1224 b,2016,13.32351601
750,Kepler-1225,,,Kepler-1225 b,2016,7.01075434
315,Kepler-1226,,,Kepler-1226 b,2016,17.2923453
606,Kepler-1227,,,Kepler-1227 b,2016,94.2887577
241,Kepler-1228,,,Kepler-1228 b,2016,0.577369579
333,Kepler-1229,,,Kepler-1229 b,2016,86.828989
751,Kepler-1230,,,Kepler-1230 b,2016,9.95661537
172,Kepler-1231,,,Kepler-1231 b,2016,10.41725184
1009,Kepler-1232,,,Kepler-1232 b,2016,26.7839183
723,Kepler-1233,,,Kepler-1233 b,2016,45.1263042
80,Kepler-1234,,,Kepler-1234 b,2016,11.94014029
607,Kepler-1235,,,Kepler-1235 b,2016,4.16055856
149,Kepler-1236,,,Kepler-1236 b,2016,31.0571618
413,Kepler-1237,,,Kepler-1237 b,2016,84.5733226
500,Kepler-1238,,,Kepler-1238 b,2016,4.14787559
14,Kepler-1239,,,Kepler-1239 b,2016,5.19104016
285,Kepler-1240,,,Kepler-1240 b,2016,4.8663815
427,Kepler-1241,,,Kepler-1241 b,2016,18.5525701
91,Kepler-1242,,,Kepler-1242 b,2016,13.62798432
649,Kepler-1243,,,Kepler-1243 b,2016,16.8320729
183,Kepler-1244,,,Kepler-1244 b,2016,3.70428172
505,Kepler-1246,,,Kepler-1246 b,2016,11.32271513
365,Kepler-1247,,,Kepler-1247 b,2016,13.71220213
428,Kepler-1248,,,Kepler-1248 b,2016,7.46725407
650,Kepler-1249,,,Kepler-1249 b,2016,24.3347127
400,Kepler-1250,,,Kepler-1250 b,2016,2.607543834
628,Kepler-1251,,,Kepler-1251 b,2016,45.0904643
1390,Kepler-1252,,,Kepler-1252 b,2016,15.0540329
139,Kepler-1253,,,Kepler-1253 b,2016,68.8861915
261,Kepler-1255,,,Kepler-1255 b,2016,36.2919336
1272,Kepler-1256,,,Kepler-1256 b,2016,12.4127754
1356,Kepler-1257,,,Kepler-1257 b,2016,2.668313762
51,Kepler-1258,,,Kepler-1258 b,2016,0.984940167
431,Kepler-1259,,,Kepler-1259 b,2016,0.663085258
1205,Kepler-1260,,,Kepler-1260 b,2016,19.1187753
229,Kepler-1261,,,Kepler-1261 b,2016,48.4308991
1371,Kepler-1262,,,Kepler-1262 b,2016,8.67900242
713,Kepler-1263,,,Kepler-1263 b,2016,4.55139967
128,Kepler-1264,,,Kepler-1264 b,2016,0.968526023
234,Kepler-1265,,,Kepler-1265 b,2016,6.49441289
391,Kepler-1267,,,Kepler-1267 b,2016,13.0313945
146,Kepler-1268,,,Kepler-1268 b,2016,40.9903986
968,Kepler-1269,,,Kepler-1269 b,2016,37.3331536
27,Kepler-1270,,,Kepler-1270 b,2016,6.03356196
969,Kepler-1271,,,Kepler-1271 b,2016,3.0255955
93,Kepler-1272,,,Kepler-1272 b,2016,51.1309704
640,Kepler-1273,,,Kepler-1273 b,2016,28.625653
970,Kepler-1274,,,Kepler-1274 b,2016,6.98152703
433,Kepler-1275,,,Kepler-1275 b,2016,3.65691115
242,Kepler-1276,,,Kepler-1276 b,2016,12.5720095
820,Kepler-1277,,,Kepler-1277 b,2016,40.8365012
243,Kepler-1278,,,Kepler-1278 b,2016,3.23941344
971,Kepler-1279,,,Kepler-1279 b,2016,23.4774101
244,Kepler-1280,,,Kepler-1280 b,2016,66.5579057
432,Kepler-1281,,,Kepler-1281 b,2016,3.11602791
238,Kepler-1282,,,Kepler-1282 b,2016,2.131946513
888,Kepler-1283,,,Kepler-1283 b,2016,12.9460978
1398,Kepler-1284,,,Kepler-1284 b,2016,0.664073806
577,Kepler-1285,,,Kepler-1285 b,2016,14.7967458
728,Kepler-1286,,,Kepler-1286 b,2016,11.25402929
589,Kepler-1287,,,Kepler-1287 b,2016,11.47685909
604,Kepler-1288,,,Kepler-1288 b,2016,2.76122421
590,Kepler-1289,,,Kepler-1289 b,2016,7.99019627
1374,Kepler-1290,,,Kepler-1290 b,2016,4.69500134
1399,Kepler-1291,,,Kepler-1291 b,2016,8.63043276
246,Kepler-1292,,,Kepler-1292 b,2016,3.27646405
10,Kepler-1293,,,Kepler-1293 b,2016,5.57654784
724,Kepler-1294,,,Kepler-1294 b,2016,115.6862258
1315,Kepler-1295,,,Kepler-1295 b,2016,3.81371974
889,Kepler-1296,,,Kepler-1296 b,2016,8.3839865
412,Kepler-1297,,,Kepler-1297 b,2016,1.68189002
950,Kepler-1298,,,Kepler-1298 b,2016,7.12811928
422,Kepler-1299,,,Kepler-1299 b,2016,19.9400874
434,Kepler-1300,,,Kepler-1300 b,2016,22.2419092
658,Kepler-1301,,,Kepler-1301 b,2016,9.08237046
725,Kepler-1302,,,Kepler-1302 b,2016,8.83922659
890,Kepler-1303,,,Kepler-1303 b,2016,7.56127224
13,Kepler-1304,,,Kepler-1304 b,2016,16.1288853
316,Kepler-1305,,,Kepler-1305 b,2016,13.5630972
1420,Kepler-1306,,,Kepler-1306 b,2016,16.29595382
1382,Kepler-1307,,,Kepler-1307 b,2016,18.01621096
901,Kepler-1308,,,Kepler-1308 b,2016,2.104338119
902,Kepler-1309,,,Kepler-1309 b,2016,28.8432647
1053,Kepler-1310,,,Kepler-1310 b,2016,0.679336272
603,Kepler-1313,,,Kepler-1313 b,2016,3.833091178
440,Kepler-1314,,,Kepler-1314 b,2016,5.424749281
247,Kepler-1316,,,Kepler-1316 b,2016,87.9732136
722,Kepler-1317,,,Kepler-1317 b,2016,0.568874427
262,Kepler-1318,,,Kepler-1318 b,2016,213.257663
1383,Kepler-1319,,,Kepler-1319 b,2016,2.886762645
1406,Kepler-1320,,,Kepler-1320 b,2016,0.868386528
965,Kepler-1323,,,Kepler-1323 b,2016,0.929906678
942,Kepler-1324,,,Kepler-1324 b,2016,4.115844679
914,Kepler-1325,,,Kepler-1325 b,2016,33.8786838
449,Kepler-1326,,,Kepler-1326 b,2016,42.3514267
966,Kepler-1327,,,Kepler-1327 b,2016,14.88801098
813,Kepler-1328,,,Kepler-1328 b,2016,4.52158888
175,Kepler-1329,,,Kepler-1329 b,2016,9.33646594
730,Kepler-1330,,,Kepler-1330 b,2016,10.10769068
729,Kepler-1331,,,Kepler-1331 b,2016,0.789161653
2,Kepler-1332,,,Kepler-1332 b,2016,11.87456832
200,Kepler-1333,,,Kepler-1333 b,2016,109.6471842
926,Kepler-1334,,,Kepler-1334 b,2016,15.64591713
103,Kepler-1335,,,Kepler-1335 b,2016,6.26406846
1395,Kepler-1337,,,Kepler-1337 b,2016,24.4002549
580,Kepler-1338,,,Kepler-1338 b,2016,0.935118057
124,Kepler-1339,,,Kepler-1339 b,2016,1.341555127
780,Kepler-1340,,,Kepler-1340 b,2016,0.665026916
53,Kepler-1341,,,Kepler-1341 b,2016,132.9968322
263,Kepler-1342,,,Kepler-1342 b,2016,2.215710358
1396,Kepler-1343,,,Kepler-1343 b,2016,3.35183158
101,Kepler-1344,,,Kepler-1344 b,2016,4.7683049
779,Kepler-1345,,,Kepler-1345 b,2016,44.6169557
915,Kepler-1346,,,Kepler-1346 b,2016,3.40165668
1196,Kepler-1347,,,Kepler-1347 b,2016,14.00947528
726,Kepler-1348,,,Kepler-1348 b,2016,27.5722742
817,Kepler-1349,,,Kepler-1349 b,2016,2.12823928
1016,Kepler-1351,,,Kepler-1351 b,2016,0.916140768
821,Kepler-1352,,,Kepler-1352 b,2016,1.877882748
1197,Kepler-1353,,,Kepler-1353 b,2016,24.7543966
1193,Kepler-1354,,,Kepler-1354 b,2016,76.613377
1198,Kepler-1355,,,Kepler-1355 b,2016,1.289588112
1019,Kepler-1356,,,Kepler-1356 b,2016,0.634002937
742,Kepler-1357,,,Kepler-1357 b,2016,3.0091324
265,Kepler-1358,,,Kepler-1358 b,2016,7.06317341
520,Kepler-1359,,,Kepler-1359 b,2016,59.4970952
1195,Kepler-1360,,,Kepler-1360 b,2016,40.5286413
338,Kepler-1361,,,Kepler-1361 b,2016,3.57554956
318,Kepler-1362,,,Kepler-1362 b,2016,136.205626
1021,Kepler-1363,,,Kepler-1363 b,2016,2.94194094
1022,Kepler-1364,,,Kepler-1364 b,2016,13.32196237
317,Kepler-1366,,,Kepler-1366 b,2016,2.164570968
1422,Kepler-1367,,,Kepler-1367 b,2016,1.574090272
453,Kepler-1368,,,Kepler-1368 b,2016,0.675649486
1423,Kepler-1369,,,Kepler-1369 b,2016,25.873148
461,Kepler-1372,,,Kepler-1372 b,2016,1.311555568
1273,Kepler-1373,,,Kepler-1373 b,2016,1.29123275
1003,Kepler-1374,,,Kepler-1374 b,2016,10.65276707
752,Kepler-1375,,,Kepler-1375 b,2016,3.3004192
1017,Kepler-1376,,,Kepler-1376 b,2016,5.30880656
1018,Kepler-1377,,,Kepler-1377 b,2016,0.740928422
180,Kepler-1378,,,Kepler-1378 b,2016,11.95398936
59,Kepler-1379,,,Kepler-1379 b,2016,0.881841146
753,Kepler-1380,,,Kepler-1380 b,2016,10.3108245
92,Kepler-1381,,,Kepler-1381 b,2016,25.3842686
1052,Kepler-1382,,,Kepler-1382 b,2016,16.3583055
1232,Kepler-1383,,,Kepler-1383 b,2016,13.9093583
179,Kepler-1384,,,Kepler-1384 b,2016,15.36262753
12,Kepler-1385,,,Kepler-1385 b,2016,2.88879862
60,Kepler-1386,,,Kepler-1386 b,2016,6.73972381
1317,Kepler-1387,,,Kepler-1387 b,2016,2.279526656
163,Kepler-1389,,,Kepler-1389 b,2016,99.2530951
754,Kepler-1390,,,Kepler-1390 b,2016,6.48021673
1279,Kepler-1391,,,Kepler-1391 b,2016,54.4092333
140,Kepler-1392,,,Kepler-1392 b,2016,15.1410397
863,Kepler-1393,,,Kepler-1393 b,2016,2.44357812
63,Kepler-1394,,,Kepler-1394 b,2016,3.93766373
775,Kepler-1395,,,Kepler-1395 b,2016,3.78470649
61,Kepler-1396,,,Kepler-1396 b,2016,18.2206421
407,Kepler-1397,,,Kepler-1397 b,2016,47.449955
1006,Kepler-1399,,,Kepler-1399 b,2016,1.638653058
62,Kepler-14,,,Kepler-14 b,2011,6.790123
142,Kepler-1400,,,Kepler-1400 b,2016,9.06689421
777,Kepler-1401,,,Kepler-1401 b,2016,11.20066445
1181,Kepler-1402,,,Kepler-1402 b,2016,2.03387914
778,Kepler-1403,,,Kepler-1403 b,2016,5.19492202
456,Kepler-1404,,,Kepler-1404 b,2016,15.9314739
322,Kepler-1405,,,Kepler-1405 b,2016,28.2274184
1182,Kepler-1406,,,Kepler-1406 b,2016,11.62905828
714,Kepler-1407,,,Kepler-1407 b,2016,20.0711504
390,Kepler-1408,,,Kepler-1408 b,2016,2.99793191
35,Kepler-1409,,,Kepler-1409 b,2016,0.764864926
1330,Kepler-1410,,,Kepler-1410 b,2016,60.866168
758,Kepler-1411,,,Kepler-1411 b,2016,86.1150888
945,Kepler-1412,,,Kepler-1412 b,2016,3.6146051
759,Kepler-1413,,,Kepler-1413 b,2016,13.1829642
716,Kepler-1414,,,Kepler-1414 b,2016,3.51576315
783,Kepler-1415,,,Kepler-1415 b,2016,0.63642408
717,Kepler-1416,,,Kepler-1416 b,2016,1.49514952
697,Kepler-1417,,,Kepler-1417 b,2016,20.3505213
760,Kepler-1418,,,Kepler-1418 b,2016,22.4764425
469,Kepler-1419,,,Kepler-1419 b,2016,42.5215895
1183,Kepler-1420,,,Kepler-1420 b,2016,6.69960006
626,Kepler-1421,,,Kepler-1421 b,2016,6.9131112
996,Kepler-1422,,,Kepler-1422 b,2016,18.6051942
599,Kepler-1423,,,Kepler-1423 b,2016,23.955378
627,Kepler-1424,,,Kepler-1424 b,2016,29.6091744
633,Kepler-1425,,,Kepler-1425 b,2016,14.4541302
1426,Kepler-1426,,,Kepler-1426 b,2016,14.2563227
1190,Kepler-1427,,,Kepler-1427 b,2016,0.968972376
634,Kepler-1428,,,Kepler-1428 b,2016,10.67607169
470,Kepler-1429,,,Kepler-1429 b,2016,4.48487493
1337,Kepler-1430,,,Kepler-1430 b,2016,2.46050993
997,Kepler-1431,,,Kepler-1431 b,2016,5.86601526
1184,Kepler-1432,,,Kepler-1432 b,2016,23.9109011
471,Kepler-1433,,,Kepler-1433 b,2016,4.13592271
1011,Kepler-1434,,,Kepler-1434 b,2016,8.05333618
782,Kepler-1435,,,Kepler-1435 b,2016,4.45343281
480,Kepler-1436,,,Kepler-1436 b,2016,9.705716
1191,Kepler-1437,,,Kepler-1437 b,2016,10.9295461
871,Kepler-1438,,,Kepler-1438 b,2016,2.31942009
600,Kepler-1439,,,Kepler-1439 b,2016,8.07392849
1223,Kepler-1440,,,Kepler-1440 b,2016,39.859484
601,Kepler-1441,,,Kepler-1441 b,2016,39.4419839
372,Kepler-1442,,,Kepler-1442 b,2016,81.4162941
1211,Kepler-1443,,,Kepler-1443 b,2016,2.41811321
414,Kepler-1444,,,Kepler-1444 b,2016,33.42035034
415,Kepler-1445,,,Kepler-1445 b,2016,10.60052251
127,Kepler-1446,,,Kepler-1446 b,2016,0.689967832
481,Kepler-1447,,,Kepler-1447 b,2016,56.6747285
482,Kepler-1448,,,Kepler-1448 b,2016,12.27065865
70,Kepler-1449,,,Kepler-1449 b,2016,13.2274528
483,Kepler-1450,,,Kepler-1450 b,2016,54.5094166
1005,Kepler-1451,,,Kepler-1451 b,2016,35.622233
448,Kepler-1452,,,Kepler-1452 b,2016,42.913751
1431,Kepler-1453,,,Kepler-1453 b,2016,47.1611696
872,Kepler-1454,,,Kepler-1454 b,2016,47.0319479
1180,Kepler-1455,,,Kepler-1455 b,2016,49.276764
1007,Kepler-1456,,,Kepler-1456 b,2016,18.1373829
784,Kepler-1457,,,Kepler-1457 b,2016,51.1110243
455,Kepler-1458,,,Kepler-1458 b,2016,47.9872764
132,Kepler-1459,,,Kepler-1459 b,2016,62.8691611
737,Kepler-1460,,,Kepler-1460 b,2016,29.9633247
491,Kepler-1461,,,Kepler-1461 b,2016,29.3494775
1368,Kepler-1462,,,Kepler-1462 b,2016,65.6488341
173,Kepler-1463,,,Kepler-1463 b,2016,25.15864
0,Kepler-1465,,,Kepler-1465 b,2016,31.8277111
998,Kepler-1466,,,Kepler-1466 b,2016,31.1750448
1369,Kepler-1467,,,Kepler-1467 b,2016,47.0569043
1347,Kepler-1469,,,Kepler-1469 b,2016,21.8635301
145,Kepler-1470,,,Kepler-1470 b,2016,16.2950903
561,Kepler-1472,,,Kepler-1472 b,2016,38.1312831
789,Kepler-1473,,,Kepler-1473 b,2016,14.4273551
874,Kepler-1474,,,Kepler-1474 b,2016,36.4333452
1219,Kepler-1475,,,Kepler-1475 b,2016,82.177374
873,Kepler-1476,,,Kepler-1476 b,2016,10.35863224
82,Kepler-1477,,,Kepler-1477 b,2016,11.55530021
110,Kepler-1478,,,Kepler-1478 b,2016,26.0840594
424,Kepler-1479,,,Kepler-1479 b,2016,14.53261362
6,Kepler-1480,,,Kepler-1480 b,2016,22.12679948
7,Kepler-1481,,,Kepler-1481 b,2016,5.94220998
993,Kepler-1482,,,Kepler-1482 b,2016,12.25383217
129,Kepler-1483,,,Kepler-1483 b,2016,9.5085156
3,Kepler-1484,,,Kepler-1484 b,2016,30.4549136
36,Kepler-1485,,,Kepler-1485 b,2016,19.9157725
4,Kepler-1486,,,Kepler-1486 b,2016,54.6495759
764,Kepler-1490,,,Kepler-1490 b,2016,92.4362973
66,Kepler-1492,,,Kepler-1492 b,2016,16.75255007
877,Kepler-1493,,,Kepler-1493 b,2016,15.0217983
116,Kepler-1494,,,Kepler-1494 b,2016,91.080482
1057,Kepler-1495,,,Kepler-1495 b,2016,85.273256
878,Kepler-1496,,,Kepler-1496 b,2016,64.6588017
1410,Kepler-1497,,,Kepler-1497 b,2016,8.74199772
1432,Kepler-1498,,,Kepler-1498 b,2016,48.051405
1237,Kepler-1499,,,Kepler-1499 b,2016,44.2008
698,Kepler-15,,,Kepler-15 b,2011,4.942782
562,Kepler-1500,,,Kepler-1500 b,2016,15.0330105
616,Kepler-1501,,,Kepler-1501 b,2016,14.5564533
1411,Kepler-1502,,,Kepler-1502 b,2016,41.7083629
1433,Kepler-1503,,,Kepler-1503 b,2016,96.16987
206,Kepler-1504,,,Kepler-1504 b,2016,82.304003
617,Kepler-1505,,,Kepler-1505 b,2016,30.8609366
443,Kepler-1506,,,Kepler-1506 b,2016,14.0329154
795,Kepler-1507,,,Kepler-1507 b,2016,16.0506213
1361,Kepler-1508,,,Kepler-1508 b,2016,20.7056504
875,Kepler-1509,,,Kepler-1509 b,2016,25.4338197
570,Kepler-1510,,,Kepler-1510 b,2016,84.703921
876,Kepler-1511,,,Kepler-1511 b,2016,23.2382792
1000,Kepler-1512,,,Kepler-1512 b,2016,20.35972599
1236,Kepler-1515,,,Kepler-1515 b,2016,214.3114164
444,Kepler-1516,,,Kepler-1516 b,2016,7.25931979
48,Kepler-1517,,,Kepler-1517 b,2016,5.546083665
267,Kepler-1519,,,Kepler-1519 b,2016,240.7989397
733,Kepler-1520,,,Kepler-1520 b,2016,0.653553572
618,Kepler-1521,,,Kepler-1521 b,2016,47.14840805
1059,Kepler-1522,,,Kepler-1522 b,2016,1.847889171
619,Kepler-1523,,,Kepler-1523 b,2016,0.93875077
1024,Kepler-1524,,,Kepler-1524 b,2016,70.9674603
620,Kepler-1525,,,Kepler-1525 b,2016,2.416601183
1306,Kepler-1526,,,Kepler-1526 b,2016,3.908632005
445,Kepler-1527,,,Kepler-1527 b,2016,160.129918
446,Kepler-1528,,,Kepler-1528 b,2016,1.791110205
1025,Kepler-1529,,,Kepler-1529 b,2016,5.33905686
459,Kepler-1531,,,Kepler-1531 b,2016,1.138543376
1026,Kepler-1532,,,Kepler-1532 b,2016,1.093663559
587,Kepler-1533,,,Kepler-1533 b,2016,308.5471
1415,Kepler-1534,,,Kepler-1534 b,2016,5.71668872
588,Kepler-1535,,,Kepler-1535 b,2016,138.9442
738,Kepler-1536,,,Kepler-1536 b,2016,364.758031
5,Kepler-1537,,,Kepler-1537 b,2016,1.444453798
739,Kepler-1538,,,Kepler-1538 b,2016,175.138819
881,Kepler-1539,,,Kepler-1539 b,2016,133.3036741
1030,Kepler-1540,,,Kepler-1540 b,2016,125.4131177
37,Kepler-1541,,,Kepler-1541 b,2016,8.40691199
450,Kepler-1543,,,Kepler-1543 b,2016,6.96710269
19,Kepler-1544,,,Kepler-1544 b,2016,168.811174
892,Kepler-1545,,,Kepler-1545 b,2016,163.692349
451,Kepler-1546,,,Kepler-1546 b,2016,19.5974971
947,Kepler-1547,,,Kepler-1547 b,2016,0.692979676
768,Kepler-1548,,,Kepler-1548 b,2016,124.828679
1031,Kepler-1549,,,Kepler-1549 b,2016,214.886545
644,Kepler-1550,,,Kepler-1550 b,2016,225.582809
765,Kepler-1551,,,Kepler-1551 b,2016,24.4973698
796,Kepler-1552,,,Kepler-1552 b,2016,184.771853
1427,Kepler-1553,,,Kepler-1553 b,2016,4.24261881
435,Kepler-1554,,,Kepler-1554 b,2016,198.088774
660,Kepler-1555,,,Kepler-1555 b,2016,8.10501635
891,Kepler-1556,,,Kepler-1556 b,2016,8.82713457
1033,Kepler-1557,,,Kepler-1557 b,2016,3.74032496
1234,Kepler-1558,,,Kepler-1558 b,2016,3.50470358
699,Kepler-1559,,,Kepler-1559 b,2016,0.971915428
131,Kepler-1560,,,Kepler-1560 b,2016,3.03195744
1428,Kepler-1561,,,Kepler-1561 b,2016,1.005207007
893,Kepler-1562,,,Kepler-1562 b,2016,64.2737752
661,Kepler-1563,,,Kepler-1563 b,2016,3.43276598
1036,Kepler-1564,,,Kepler-1564 b,2016,18.0540381
769,Kepler-1565,,,Kepler-1565 b,2016,1.538188437
800,Kepler-1566,,,Kepler-1566 b,2016,0.539915238
1037,Kepler-1567,,,Kepler-1567 b,2016,153.979578
612,Kepler-1568,,,Kepler-1568 b,2016,20.925392
798,Kepler-1569,,,Kepler-1569 b,2016,5.79180156
436,Kepler-1570,,,Kepler-1570 b,2016,26.548955
1275,Kepler-1571,,,Kepler-1571 b,2016,3.38555488
138,Kepler-1572,,,Kepler-1572 b,2016,5.49548621
465,Kepler-1573,,,Kepler-1573 b,2016,2.6157554
1338,Kepler-1574,,,Kepler-1574 b,2016,6.9424334
268,Kepler-1575,,,Kepler-1575 b,2016,2.55314213
1259,Kepler-1576,,,Kepler-1576 b,2016,6.98471973
905,Kepler-1577,,,Kepler-1577 b,2016,6.30560247
894,Kepler-1578,,,Kepler-1578 b,2016,1.450886907
1429,Kepler-1579,,,Kepler-1579 b,2016,0.849907889
437,Kepler-1580,,,Kepler-1580 b,2016,56.6449279
1012,Kepler-1581,,,Kepler-1581 b,2016,6.28385491
1038,Kepler-1582,,,Kepler-1582 b,2016,4.83817712
438,Kepler-1583,,,Kepler-1583 b,2016,9.32807355
882,Kepler-1584,,,Kepler-1584 b,2016,13.3997099
916,Kepler-1585,,,Kepler-1585 b,2016,3.5827463
799,Kepler-1586,,,Kepler-1586 b,2016,15.6049212
839,Kepler-1587,,,Kepler-1587 b,2016,9.4060467
706,Kepler-1588,,,Kepler-1588 b,2016,7.84931739
662,Kepler-1589,,,Kepler-1589 b,2016,0.991665274
840,Kepler-1590,,,Kepler-1590 b,2016,7.61760804
663,Kepler-1591,,,Kepler-1591 b,2016,8.18504949
896,Kepler-1592,,,Kepler-1592 b,2016,3.05710069
1262,Kepler-1593,,,Kepler-1593 b,2016,174.509835
335,Kepler-1594,,,Kepler-1594 b,2016,2.71603809
773,Kepler-1595,,,Kepler-1595 b,2016,4.56380468
774,Kepler-1596,,,Kepler-1596 b,2016,66.373379
615,Kepler-1597,,,Kepler-1597 b,2016,2.94654179
845,Kepler-1598,,,Kepler-1598 b,2016,4.34195123
203,Kepler-1599,,,Kepler-1599 b,2016,122.363553
1206,Kepler-16,,,Kepler-16 b,2011,228.776
441,Kepler-1601,,,Kepler-1601 b,2016,2.20921951
442,Kepler-1602,,,Kepler-1602 b,2016,11.17931605
154,Kepler-1603,,,Kepler-1603 b,2016,2.27163926
948,Kepler-1604,,,Kepler-1604 b,2016,0.683684256
1283,Kepler-1605,,,Kepler-1605 b,2016,85.7565495
68,Kepler-1606,,,Kepler-1606 b,2016,196.435224
1300,Kepler-1607,,,Kepler-1607 b,2016,13.6473676
1040,Kepler-1608,,,Kepler-1608 b,2016,16.4735686
696,Kepler-1609,,,Kepler-1609 b,2016,114.34219
1339,Kepler-1611,,,Kepler-1611 b,2016,5.1762429
69,Kepler-1612,,,Kepler-1612 b,2016,3.91795101
1302,Kepler-1613,,,Kepler-1613 b,2016,1.5184299
1367,Kepler-1614,,,Kepler-1614 b,2016,3.9466141
336,Kepler-1615,,,Kepler-1615 b,2016,47.3126192
231,Kepler-1616,,,Kepler-1616 b,2016,6.76284377
1284,Kepler-1617,,,Kepler-1617 b,2016,27.4785572
232,Kepler-1618,,,Kepler-1618 b,2016,6.10826019
1210,Kepler-1619,,,Kepler-1619 b,2016,23.6225913
277,Kepler-1620,,,Kepler-1620 b,2016,101.951829
917,Kepler-1621,,,Kepler-1621 b,2016,92.263714
251,Kepler-1622,,,Kepler-1622 b,2016,10.8118737
484,Kepler-1623,,,Kepler-1623 b,2016,4.36128348
71,Kepler-1624,,,Kepler-1624 b,2016,3.290304518
703,Kepler-1625,,,Kepler-1625 b,2016,287.378949
276,Kepler-1626,,,Kepler-1626 b,2016,4.13962966
1222,Kepler-1627,,,Kepler-1627 b,2016,7.20283653
923,Kepler-1628,,,Kepler-1628 b,2016,76.378033
1043,Kepler-1629,,,Kepler-1629 b,2016,3.87595807
492,Kepler-1630,,,Kepler-1630 b,2016,509.997402
907,Kepler-1631,,,Kepler-1631 b,2016,4.09513932
918,Kepler-1632,,,Kepler-1632 b,2016,448.303558
919,Kepler-1633,,,Kepler-1633 b,2016,186.404271
925,Kepler-1634,,,Kepler-1634 b,2016,374.876239
403,Kepler-1635,,,Kepler-1635 b,2016,469.63111
404,Kepler-1636,,,Kepler-1636 b,2016,425.47785
908,Kepler-1637,,,Kepler-1637 b,2016,6.10960324
756,Kepler-1638,,,Kepler-1638 b,2016,259.33683
757,Kepler-1639,,,Kepler-1639 b,2016,9.878482
1375,Kepler-1640,,,Kepler-1640 b,2016,7.5844126
711,Kepler-1643,,,Kepler-1643 b,2016,5.342657
1032,Kepler-1644,,,Kepler-1644 b,2016,21.0907758
496,Kepler-1645,,,Kepler-1645 b,2016,16.1779561
1231,Kepler-1646,,,Kepler-1646 b,2016,4.48558383
1035,Kepler-1647,,,Kepler-1647 b,2016,1107.5923
924,Kepler-1650,,,Kepler-1650 b,2017,1.53818001
853,Kepler-1651,,,Kepler-1651 b,2017,9.87863917
854,Kepler-1652,,,Kepler-1652 b,2017,38.09722
87,Kepler-1653,,,Kepler-1653 b,2017,140.2524
1098,Kepler-1654,,,Kepler-1654 b,2018,1047.8356
166,Kepler-1655,,,Kepler-1655 b,2018,11.8728787
73,Kepler-1658,,,Kepler-1658 b,2019,3.849372784
1039,Kepler-1661,,,Kepler-1661 b,2020,175.06
1042,Kepler-1663,,,Kepler-1663 b,2020,17.6046
447,Kepler-1664,,,Kepler-1664 b,2020,14.3868
1,Kepler-1665,,,Kepler-1665 b,2020,11.9548
485,Kepler-1667,,,Kepler-1667 b,2020,83.5781
1041,Kepler-1668,,,Kepler-1668 b,2020,15.434
117,Kepler-1670,,,Kepler-1670 b,2020,20.4998
158,Kepler-1671,,,Kepler-1671 b,2020,4.16787
198,Kepler-1672,,,Kepler-1672 b,2020,150.878
102,Kepler-1673,,,Kepler-1673 b,2020,33.7888
50,Kepler-1674,,,Kepler-1674 b,2020,62.5611
425,Kepler-1675,,,Kepler-1675 b,2020,63.0382
1213,Kepler-1676,,,Kepler-1676 b,2020,29.9221
426,Kepler-1677,,,Kepler-1677 b,2020,22.064
1049,Kepler-1678,,,Kepler-1678 b,2020,147.974
1314,Kepler-1679,,,Kepler-1679 b,2020,9.75376
842,Kepler-1680,,,Kepler-1680 b,2020,8.77424
1050,Kepler-1681,,,Kepler-1681 b,2020,69.8956
1379,Kepler-1682,,,Kepler-1682 b,2020,14.8334
1051,Kepler-1683,,,Kepler-1683 b,2020,15.0337
928,Kepler-1684,,,Kepler-1684 b,2020,47.7055
278,Kepler-1685,,,Kepler-1685 b,2020,20.4905
429,Kepler-1686,,,Kepler-1686 b,2020,9.30987
1373,Kepler-1687,,,Kepler-1687 b,2020,5.77954
510,Kepler-1688,,,Kepler-1688 b,2020,5.62012
114,Kepler-1689,,,Kepler-1689 b,2020,8.483
1421,Kepler-1690,,,Kepler-1690 b,2020,234.636
168,Kepler-1691,,,Kepler-1691 b,2020,3.8482
1199,Kepler-1692,,,Kepler-1692 b,2020,5.95966
797,Kepler-1694,,,Kepler-1694 b,2020,3.89526
313,Kepler-1695,,,Kepler-1695 b,2020,4.7329
976,Kepler-1696,,,Kepler-1696 b,2020,65.9409
1055,Kepler-1697,,,Kepler-1697 b,2020,33.4969
224,Kepler-1698,,,Kepler-1698 b,2020,1.2107
1056,Kepler-1699,,,Kepler-1699 b,2020,3.49082
430,Kepler-17,,,Kepler-17 b,2011,1.4857108
1265,Kepler-1700,,,Kepler-1700 b,2020,234.239
806,Kepler-1701,,,Kepler-1701 b,2020,169.134
801,Kepler-1702,,,Kepler-1702 b,2020,18.5012
841,Kepler-1704,,,Kepler-1704 b,2013,988.88112
1424,Kepler-1708,,,Kepler-1708 b,2021,737.1131
1008,Kepler-1709,,,Kepler-1709 b,2021,65.70459747
999,Kepler-1710,,,Kepler-1710 b,2021,14.91110039
523,Kepler-1711,,,Kepler-1711 b,2021,21.06080055
1058,Kepler-1712,,,Kepler-1712 b,2021,13.81499958
1288,Kepler-1713,,,Kepler-1713 b,2021,18.01160049
394,Kepler-1714,,,Kepler-1714 b,2021,10.27530003
150,Kepler-1715,,,Kepler-1715 b,2021,35.59730148
222,Kepler-1716,,,Kepler-1716 b,2021,35.58100128
525,Kepler-1717,,,Kepler-1717 b,2021,30.65279961
1308,Kepler-1718,,,Kepler-1718 b,2021,135.1880035
1260,Kepler-1719,,,Kepler-1719 b,2021,6.149559975
1027,Kepler-1720,,,Kepler-1720 b,2021,12.70639992
1063,Kepler-1721,,,Kepler-1721 b,2021,4.592380047
1064,Kepler-1722,,,Kepler-1722 b,2021,9.178569794
1065,Kepler-1723,,,Kepler-1723 b,2021,39.75289917
1407,Kepler-1724,,,Kepler-1724 b,2021,6.45442009
846,Kepler-1725,,,Kepler-1725 b,2021,16.71990013
223,Kepler-1726,,,Kepler-1726 b,2021,18.39629936
282,Kepler-1727,,,Kepler-1727 b,2021,9.029299736
1201,Kepler-1728,,,Kepler-1728 b,2021,4.782999992
781,Kepler-1729,,,Kepler-1729 b,2021,4.220970154
283,Kepler-1730,,,Kepler-1730 b,2021,13.81019974
32,Kepler-1731,,,Kepler-1731 b,2021,21.76129913
867,Kepler-1732,,,Kepler-1732 b,2021,32.31240082
1028,Kepler-1733,,,Kepler-1733 b,2021,9.229579926
1386,Kepler-1734,,,Kepler-1734 b,2021,6.796850204
1377,Kepler-1735,,,Kepler-1735 b,2021,7.71792984
535,Kepler-1736,,,Kepler-1736 b,2021,37.81029892
536,Kepler-1737,,,Kepler-1737 b,2021,64.61750031
121,Kepler-1738,,,Kepler-1738 b,2021,7.674630165
537,Kepler-1739,,,Kepler-1739 b,2021,7.343709946
979,Kepler-1740,,,Kepler-1740 b,2021,8.172400475
1066,Kepler-1741,,,Kepler-1741 b,2021,2.757590055
1067,Kepler-1742,,,Kepler-1742 b,2021,49.47819901
107,Kepler-1743,,,Kepler-1743 b,2021,7.649710178
704,Kepler-1744,,,Kepler-1744 b,2021,37.10110092
161,Kepler-1745,,,Kepler-1745 b,2021,3.016190052
395,Kepler-1746,,,Kepler-1746 b,2021,321.2120056
1329,Kepler-1747,,,Kepler-1747 b,2021,6.230319977
550,Kepler-1748,,,Kepler-1748 b,2021,5.823520184
557,Kepler-1749,,,Kepler-1749 b,2021,14.53409958
560,Kepler-1750,,,Kepler-1750 b,2021,205.9120026
1322,Kepler-1751,,,Kepler-1751 b,2021,7.017310143
144,Kepler-1752,,,Kepler-1752 b,2021,56.35850143
1363,Kepler-1753,,,Kepler-1753 b,2021,16.00460052
1362,Kepler-1754,,,Kepler-1754 b,2021,8.195949554
1068,Kepler-1755,,,Kepler-1755 b,2021,24.81209946
393,Kepler-1756,,,Kepler-1756 b,2021,2.355750084
52,Kepler-1757,,,Kepler-1757 b,2021,19.65640068
1069,Kepler-1758,,,Kepler-1758 b,2021,9.977210045
1070,Kepler-1759,,,Kepler-1759 b,2021,3.720230103
1046,Kepler-1760,,,Kepler-1760 b,2021,38.3260994
1071,Kepler-1761,,,Kepler-1761 b,2021,4.043540001
1072,Kepler-1762,,,Kepler-1762 b,2021,29.53910065
78,Kepler-1763,,,Kepler-1763 b,2021,1.480280042
1074,Kepler-1764,,,Kepler-1764 b,2021,70.46829987
1044,Kepler-1765,,,Kepler-1765 b,2021,10.41889954
160,Kepler-1766,,,Kepler-1766 b,2021,105.0149994
565,Kepler-1767,,,Kepler-1767 b,2021,59.65829849
1226,Kepler-1768,,,Kepler-1768 b,2021,15.13589954
705,Kepler-1769,,,Kepler-1769 b,2021,89.1934967
566,Kepler-1770,,,Kepler-1770 b,2021,16.84189987
567,Kepler-1771,,,Kepler-1771 b,2021,88.64399719
57,Kepler-1772,,,Kepler-1772 b,2021,3.215090036
126,Kepler-1773,,,Kepler-1773 b,2021,40.80970001
396,Kepler-1774,,,Kepler-1774 b,2021,59.77080154
1255,Kepler-1775,,,Kepler-1775 b,2021,85.65399933
1304,Kepler-1776,,,Kepler-1776 b,2021,35.01190186
389,Kepler-1777,,,Kepler-1777 b,2021,12.18420029
1359,Kepler-1778,,,Kepler-1778 b,2021,10.08740044
1343,Kepler-1779,,,Kepler-1779 b,2021,16.34359932
1045,Kepler-1780,,,Kepler-1780 b,2021,109.4449997
1335,Kepler-1781,,,Kepler-1781 b,2021,4.88752985
135,Kepler-1782,,,Kepler-1782 b,2021,5.756229877
210,Kepler-1783,,,Kepler-1783 b,2021,8.277440071
55,Kepler-1784,,,Kepler-1784 b,2021,13.59049988
700,Kepler-1785,,,Kepler-1785 b,2021,19.58550072
77,Kepler-1786,,,Kepler-1786 b,2021,78.5460968
579,Kepler-1787,,,Kepler-1787 b,2021,39.31370163
56,Kepler-1788,,,Kepler-1788 b,2021,2.800120115
1229,Kepler-1789,,,Kepler-1789 b,2021,80.23190308
85,Kepler-1790,,,Kepler-1790 b,2021,31.58889961
1048,Kepler-1791,,,Kepler-1791 b,2021,7.720860004
1078,Kepler-1792,,,Kepler-1792 b,2021,4.1957798
1075,Kepler-1793,,,Kepler-1793 b,2021,8.779999733
1054,Kepler-1794,,,Kepler-1794 b,2021,9.762980461
1076,Kepler-1795,,,Kepler-1795 b,2021,13.36019993
1077,Kepler-1796,,,Kepler-1796 b,2021,29.4557991
1079,Kepler-1797,,,Kepler-1797 b,2021,23.3593998
1378,Kepler-1798,,,Kepler-1798 b,2021,16.85589981
1355,Kepler-1799,,,Kepler-1799 b,2021,11.9296999
25,Kepler-1800,,,Kepler-1800 b,2021,4.562029839
1267,Kepler-1804,,,Kepler-1804 b,2021,12.28849983
1081,Kepler-1805,,,Kepler-1805 b,2021,8.847940445
1268,Kepler-1806,,,Kepler-1806 b,2021,9.033320427
1082,Kepler-1807,,,Kepler-1807 b,2021,10.86060047
1366,Kepler-1808,,,Kepler-1808 b,2021,23.3404007
225,Kepler-1809,,,Kepler-1809 b,2021,3.7572999
1083,Kepler-1810,,,Kepler-1810 b,2021,101.1330032
1090,Kepler-1811,,,Kepler-1811 b,2021,76.42230225
581,Kepler-1812,,,Kepler-1812 b,2021,7.165219784
1381,Kepler-1813,,,Kepler-1813 b,2021,2.818160057
814,Kepler-1815,,,Kepler-1815 b,2021,12.19139957
28,Kepler-1816,,,Kepler-1816 b,2021,91.50099945
732,Kepler-1817,,,Kepler-1817 b,2021,44.29919815
582,Kepler-1818,,,Kepler-1818 b,2021,4.644909859
9,Kepler-1819,,,Kepler-1819 b,2021,16.48690033
287,Kepler-1820,,,Kepler-1820 b,2021,31.03249931
583,Kepler-1821,,,Kepler-1821 b,2021,16.45809937
1344,Kepler-1822,,,Kepler-1822 b,2021,22.13339996
169,Kepler-1823,,,Kepler-1823 b,2021,21.10339928
679,Kepler-1824,,,Kepler-1824 b,2021,95.61100006
584,Kepler-1825,,,Kepler-1825 b,2021,1.025869966
585,Kepler-1826,,,Kepler-1826 b,2021,1.615360022
957,Kepler-1827,,,Kepler-1827 b,2021,3.700619936
1388,Kepler-1828,,,Kepler-1828 b,2021,10.2737999
1093,Kepler-1829,,,Kepler-1829 b,2021,5.186719894
1250,Kepler-1830,,,Kepler-1830 b,2021,56.49330139
1345,Kepler-1831,,,Kepler-1831 b,2021,5.78387022
167,Kepler-1832,,,Kepler-1832 b,2021,3.138789892
701,Kepler-1833,,,Kepler-1833 b,2021,6.892129898
252,Kepler-1835,,,Kepler-1835 b,2021,11.96409988
319,Kepler-1836,,,Kepler-1836 b,2021,5.254169941
1174,Kepler-1837,,,Kepler-1837 b,2021,5.906089783
331,Kepler-1838,,,Kepler-1838 b,2021,12.14680004
516,Kepler-1839,,,Kepler-1839 b,2021,5.056759834
963,Kepler-1840,,,Kepler-1840 b,2021,131.1900024
517,Kepler-1841,,,Kepler-1841 b,2021,25.88599968
518,Kepler-1842,,,Kepler-1842 b,2021,14.02639961
386,Kepler-1843,,,Kepler-1843 b,2021,25.54339981
635,Kepler-1844,,,Kepler-1844 b,2021,3.924510002
519,Kepler-1845,,,Kepler-1845 b,2021,11.60649967
39,Kepler-1846,,,Kepler-1846 b,2021,14.82009983
1175,Kepler-1847,,,Kepler-1847 b,2021,11.12969971
40,Kepler-1848,,,Kepler-1848 b,2021,5.604020119
1419,Kepler-1849,,,Kepler-1849 b,2021,57.29290009
1372,Kepler-1850,,,Kepler-1850 b,2021,1.385800004
253,Kepler-1851,,,Kepler-1851 b,2021,12.02289963
254,Kepler-1852,,,Kepler-1852 b,2021,7.970940113
1096,Kepler-1853,,,Kepler-1853 b,2021,48.88819885
805,Kepler-1854,,,Kepler-1854 b,2021,39.83110046
818,Kepler-1855,,,Kepler-1855 b,2021,0.727330983
1176,Kepler-1856,,,Kepler-1856 b,2021,1.302000046
123,Kepler-1857,,,Kepler-1857 b,2021,8.94340992
1397,Kepler-1858,,,Kepler-1858 b,2021,88.07160187
712,Kepler-1860,,,Kepler-1860 b,2021,12.73719978
826,Kepler-1861,,,Kepler-1861 b,2021,40.0306015
824,Kepler-1862,,,Kepler-1862 b,2021,16.05730057
962,Kepler-1863,,,Kepler-1863 b,2021,44.99760056
831,Kepler-1864,,,Kepler-1864 b,2021,3.881510019
1095,Kepler-1865,,,Kepler-1865 b,2021,2.524009943
531,Kepler-1866,,,Kepler-1866 b,2021,11.66009998
761,Kepler-1867,,,Kepler-1867 b,2021,9.887359619
967,Kepler-1868,,,Kepler-1868 b,2021,211.0339966
402,Kepler-1870,,,Kepler-1870 b,2021,3.606940031
533,Kepler-1871,,,Kepler-1871 b,2021,1.952700019
1097,Kepler-1872,,,Kepler-1872 b,2021,3.825910091
1394,Kepler-1873,,,Kepler-1873 b,2021,0.558842003
1192,Kepler-1874,,,Kepler-1874 b,2021,56.57320023
1099,Kepler-1875,,,Kepler-1875 b,2021,34.45859909
99,Kepler-1876,,,Kepler-1876 b,2021,6.99205
807,Kepler-1877,,,Kepler-1877 b,2021,2.377569914
1194,Kepler-1878,,,Kepler-1878 b,2021,4.445879936
972,Kepler-1879,,,Kepler-1879 b,2021,10.61340046
524,Kepler-1880,,,Kepler-1880 b,2021,6.309219837
115,Kepler-1881,,,Kepler-1881 b,2021,159.3939972
41,Kepler-1882,,,Kepler-1882 b,2021,13.78730011
920,Kepler-1883,,,Kepler-1883 b,2021,103.427002
921,Kepler-1884,,,Kepler-1884 b,2021,8.988320351
1316,Kepler-1885,,,Kepler-1885 b,2021,2.522559881
1177,Kepler-1886,,,Kepler-1886 b,2021,24.2758007
499,Kepler-1887,,,Kepler-1887 b,2021,19.94750023
1178,Kepler-1888,,,Kepler-1888 b,2021,11.39169979
770,Kepler-1889,,,Kepler-1889 b,2021,37.30369949
832,Kepler-1890,,,Kepler-1890 b,2021,4.820590019
1179,Kepler-1891,,,Kepler-1891 b,2021,4.02229023
771,Kepler-1892,,,Kepler-1892 b,2021,6.331230164
1336,Kepler-1893,,,Kepler-1893 b,2021,4.179369926
825,Kepler-1895,,,Kepler-1895 b,2021,6.070290089
1144,Kepler-1896,,,Kepler-1896 b,2021,44.87020111
1189,Kepler-1897,,,Kepler-1897 b,2021,24.22030067
1274,Kepler-1898,,,Kepler-1898 b,2021,4.765620232
534,Kepler-1899,,,Kepler-1899 b,2021,4.095779896
555,Kepler-1900,,,Kepler-1900 b,2021,2.986229897
556,Kepler-1901,,,Kepler-1901 b,2021,3.484129906
1331,Kepler-1902,,,Kepler-1902 b,2021,3.822220087
325,Kepler-1903,,,Kepler-1903 b,2021,17.0678997
1100,Kepler-1904,,,Kepler-1904 b,2021,4.577020168
1425,Kepler-1905,,,Kepler-1905 b,2021,3.42392993
1073,Kepler-1906,,,Kepler-1906 b,2021,7.362689972
1145,Kepler-1909,,,Kepler-1909 b,2021,2.391609907
1185,Kepler-1910,,,Kepler-1910 b,2021,5.688769817
1150,Kepler-1911,,,Kepler-1911 b,2021,5.990799904
715,Kepler-1912,,,Kepler-1912 b,2021,6.059219837
755,Kepler-1913,,,Kepler-1913 b,2021,14.1960001
1430,Kepler-1914,,,Kepler-1914 b,2021,30.82789993
762,Kepler-1915,,,Kepler-1915 b,2021,13.83539963
572,Kepler-1916,,,Kepler-1916 b,2021,31.25429916
573,Kepler-1917,,,Kepler-1917 b,2021,12.90240002
574,Kepler-1918,,,Kepler-1918 b,2021,47.0564003
1360,Kepler-1919,,,Kepler-1919 b,2021,37.88660049
1245,Kepler-1920,,,Kepler-1920 b,2021,30.2541008
1080,Kepler-1922,,,Kepler-1922 b,2021,13.22259998
763,Kepler-1923,,,Kepler-1923 b,2021,52.60969925
869,Kepler-1924,,,Kepler-1924 b,2021,15.33170033
1246,Kepler-1925,,,Kepler-1925 b,2021,46.71640015
1412,Kepler-1926,,,Kepler-1926 b,2021,42.87770081
1014,Kepler-1927,,,Kepler-1927 b,2021,73.75039673
233,Kepler-1928,,,Kepler-1928 b,2021,19.57783
409,Kepler-1929,,,Kepler-1929 b,2021,59.36249924
625,Kepler-1930,,,Kepler-1930 b,2021,13.02680016
624,Kepler-1931,,,Kepler-1931 b,2021,38.5760994
410,Kepler-1932,,,Kepler-1932 b,2021,0.524177015
838,Kepler-1933,,,Kepler-1933 b,2021,4.943290234
100,Kepler-1934,,,Kepler-1934 b,2021,1.419759989
1084,Kepler-1935,,,Kepler-1935 b,2021,3.951400042
643,Kepler-1936,,,Kepler-1936 b,2021,126.5569992
812,Kepler-1937,,,Kepler-1937 b,2021,9.688599586
1060,Kepler-1938,,,Kepler-1938 b,2021,13.06260014
870,Kepler-1939,,,Kepler-1939 b,2021,2.790659904
529,Kepler-1940,,,Kepler-1940 b,2021,4.950610161
1200,Kepler-1941,,,Kepler-1941 b,2021,31.33510017
530,Kepler-1942,,,Kepler-1942 b,2021,4.626049995
946,Kepler-1943,,,Kepler-1943 b,2021,4.850180149
1340,Kepler-1944,,,Kepler-1944 b,2021,9.842579842
1061,Kepler-1945,,,Kepler-1945 b,2021,6.080039978
879,Kepler-1946,,,Kepler-1946 b,2021,3.035190105
42,Kepler-1947,,,Kepler-1947 b,2021,6.963630199
1341,Kepler-1948,,,Kepler-1948 b,2021,15.57129955
1087,Kepler-1949,,,Kepler-1949 b,2021,2.208280087
119,Kepler-1950,,,Kepler-1950 b,2021,10.77690029
1085,Kepler-1951,,,Kepler-1951 b,2021,20.65780067
664,Kepler-1952,,,Kepler-1952 b,2021,27.21080017
836,Kepler-1953,,,Kepler-1953 b,2021,6.245659828
1086,Kepler-1954,,,Kepler-1954 b,2021,5.883430004
1263,Kepler-1955,,,Kepler-1955 b,2021,14.26519966
1151,Kepler-1956,,,Kepler-1956 b,2021,5.943719864
695,Kepler-1957,,,Kepler-1957 b,2021,2.186619997
1088,Kepler-1958,,,Kepler-1958 b,2021,9.328619957
1089,Kepler-1959,,,Kepler-1959 b,2021,6.38669014
1091,Kepler-1960,,,Kepler-1960 b,2021,2.297940016
1092,Kepler-1961,,,Kepler-1961 b,2021,5.604710102
740,Kepler-1962,,,Kepler-1962 b,2021,7.991459846
843,Kepler-1963,,,Kepler-1963 b,2021,1.962260008
837,Kepler-1964,,,Kepler-1964 b,2021,2.440829992
718,Kepler-1965,,,Kepler-1965 b,2021,41.86869812
84,Kepler-1966,,,Kepler-1966 b,2021,8.617429733
1013,Kepler-1967,,,Kepler-1967 b,2021,7.281690121
1346,Kepler-1968,,,Kepler-1968 b,2021,7.281099796
327,Kepler-1969,,,Kepler-1969 b,2021,6.647520065
417,Kepler-1976,,,Kepler-1976 b,2023,4.959319244
387,Kepler-1977,,,Kepler-1977 b,2023,4.53702121
388,Kepler-1978,,,Kepler-1978 b,2023,10.84969477
339,Kepler-1979,,,Kepler-1979 b,2023,18.5084526
543,Kepler-1980,,,Kepler-1980 b,2023,33.0257179
909,Kepler-1981,,,Kepler-1981 b,2023,453.54212
1029,Kepler-1982,,,Kepler-1982 b,2023,3.82315697
544,Kepler-1983,,,Kepler-1983 b,2023,7.32851947
1218,Kepler-1984,,,Kepler-1984 b,2023,1.992812339
1094,Kepler-1985,,,Kepler-1985 b,2023,3.42064689
1153,Kepler-1986,,,Kepler-1986 b,2023,19.5489666
96,Kepler-1988,,,Kepler-1988 b,2023,11.49500229
378,Kepler-1989,,,Kepler-1989 b,2023,10.161023528
34,Kepler-1992,,,Kepler-1992 b,2023,15.6112238
1261,Kepler-1993,,,Kepler-1993 b,2023,26.6565737
418,Kepler-1994,,,Kepler-1994 b,2023,4.61225043
830,Kepler-1995,,,Kepler-1995 b,2023,73.7578875
1062,Kepler-1997,,,Kepler-1997 b,2023,26.7575866
1020,Kepler-1998,,,Kepler-1998 b,2023,3.03267135
423,Kepler-1999,,,Kepler-1999 b,2023,8.7396758
334,Kepler-21,HD 179070,HIP 94112,Kepler-21 b,2012,2.7858212
749,Kepler-22,,,Kepler-22 b,2011,289.863876
944,Kepler-34,,,Kepler-34 b,2011,288.822
303,Kepler-35,,,Kepler-35 b,2011,131.458
1327,Kepler-38,,,Kepler-38 b,2012,105.599
598,Kepler-39,,,Kepler-39 b,2011,21.08721
420,Kepler-4,,,Kepler-4 b,2009,3.21346
83,Kepler-40,,,Kepler-40 b,2010,6.87349
651,Kepler-408,,,Kepler-408 b,2014,2.46502
217,Kepler-409,,,Kepler-409 b,2014,68.9583216
1111,Kepler-41,,,Kepler-41 b,2011,1.8555582
1282,Kepler-410 A,HD 175289,,Kepler-410 A b,2013,17.833648
1385,Kepler-412,,,Kepler-412 b,2014,1.7208604
1118,Kepler-413,,,Kepler-413 b,2014,66.262
1240,Kepler-421,,,Kepler-421 b,2014,704.1984
641,Kepler-422,,,Kepler-422 b,2014,7.8914483
844,Kepler-423,,,Kepler-423 b,2014,2.6843285
671,Kepler-425,,,Kepler-425 b,2014,3.79701816
38,Kepler-426,,,Kepler-426 b,2014,3.21751883
286,Kepler-427,,,Kepler-427 b,2014,10.290994
159,Kepler-428,,,Kepler-428 b,2014,3.52563254
341,Kepler-43,,,Kepler-43 b,2011,3.0240949
684,Kepler-433,,,Kepler-433 b,2015,5.33408384
1101,Kepler-434,,,Kepler-434 b,2015,12.8747099
1266,Kepler-435,,,Kepler-435 b,2015,8.6001536
685,Kepler-437,,,Kepler-437 b,2015,66.65062
1103,Kepler-438,,,Kepler-438 b,2015,35.23319
506,Kepler-439,,,Kepler-439 b,2015,178.1396
181,Kepler-44,,,Kepler-44 b,2011,3.2467293
1102,Kepler-440,,,Kepler-440 b,2015,101.11141
636,Kepler-441,,,Kepler-441 b,2015,207.2482
686,Kepler-442,,,Kepler-442 b,2015,112.3053
350,Kepler-443,,,Kepler-443 b,2015,177.6693
507,Kepler-447,,,Kepler-447 b,2015,7.79430132
794,Kepler-45,,,Kepler-45 b,2011,2.455239
1402,Kepler-452,,,Kepler-452 b,2015,384.843
1112,Kepler-453,,,Kepler-453 b,2015,240.503
466,Kepler-461,,,Kepler-461 b,2016,8.313783059
899,Kepler-463,,,Kepler-463 b,2016,8.981016833
1241,Kepler-464,,,Kepler-464 b,2016,7.256965224
373,Kepler-465,,,Kepler-465 b,2016,9.940672466
236,Kepler-467,,,Kepler-467 b,2016,24.99324193
1119,Kepler-468,,,Kepler-468 b,2016,38.478757067
467,Kepler-471,,,Kepler-471 b,2016,5.014234575
497,Kepler-472,,,Kepler-472 b,2016,4.176255514
498,Kepler-473,,,Kepler-473 b,2016,14.55731705
237,Kepler-474,,,Kepler-474 b,2016,5.660672935
1276,Kepler-475,,,Kepler-475 b,2016,3.105508189
1120,Kepler-476,,,Kepler-476 b,2016,14.00640607
1376,Kepler-477,,,Kepler-477 b,2016,11.11990653
964,Kepler-478,,,Kepler-478 b,2016,13.2217576
452,Kepler-479,,,Kepler-479 b,2016,12.49341307
75,Kepler-480,,,Kepler-480 b,2016,4.919583795
245,Kepler-481,,,Kepler-481 b,2016,10.06082567
897,Kepler-482,,,Kepler-482 b,2016,56.35418576
509,Kepler-483,,,Kepler-483 b,2016,30.229104
927,Kepler-484,,,Kepler-484 b,2016,10.045569313
898,Kepler-485,,,Kepler-485 b,2016,3.243259796
692,Kepler-489,,,Kepler-489 b,2016,17.276296119
828,Kepler-490,,,Kepler-490 b,2016,3.268695154
682,Kepler-491,,,Kepler-491 b,2016,4.225384512
397,Kepler-493,,,Kepler-493 b,2016,3.003876581
815,Kepler-496,,,Kepler-496 b,2016,8.30864937
1353,Kepler-497,,,Kepler-497 b,2016,3.573203671
1169,Kepler-498,,,Kepler-498 b,2016,9.61375356
816,Kepler-499,,,Kepler-499 b,2016,5.632528453
1299,Kepler-5,,,Kepler-5 b,2009,3.5484657
511,Kepler-500,,,Kepler-500 b,2016,8.508324398
936,Kepler-502,,,Kepler-502 b,2016,4.28686431
1127,Kepler-504,,,Kepler-504 b,2016,9.549275422
1128,Kepler-505,,,Kepler-505 b,2016,27.52197994
513,Kepler-506,,,Kepler-506 b,2016,6.8834055
508,Kepler-507,,,Kepler-507 b,2016,3.568096926
514,Kepler-508,,,Kepler-508 b,2016,25.30889748
681,Kepler-509,,,Kepler-509 b,2016,41.74600392
900,Kepler-510,,,Kepler-510 b,2016,19.55659418
883,Kepler-512,,,Kepler-512 b,2016,34.43587975
949,Kepler-513,,,Kepler-513 b,2016,28.86235584
884,Kepler-514,,,Kepler-514 b,2016,5.65179605
79,Kepler-515,,,Kepler-515 b,2016,19.96371318
833,Kepler-516,,,Kepler-516 b,2016,24.85462415
885,Kepler-517,,,Kepler-517 b,2016,60.92832271
958,Kepler-518,,,Kepler-518 b,2016,8.512035877
886,Kepler-519,,,Kepler-519 b,2016,24.3078946
694,Kepler-521,,,Kepler-521 b,2016,22.20813214
558,Kepler-522,,,Kepler-522 b,2016,38.58422849
903,Kepler-523,,,Kepler-523 b,2016,5.835983111
528,Kepler-525,,,Kepler-525 b,2016,18.68404933
49,Kepler-526,,,Kepler-526 b,2016,5.458498316
65,Kepler-527,,,Kepler-527 b,2016,13.28535633
554,Kepler-528,,,Kepler-528 b,2016,19.78297415
279,Kepler-530,,,Kepler-530 b,2016,39.30941904
1233,Kepler-531,,,Kepler-531 b,2016,29.88485741
490,Kepler-532,,,Kepler-532 b,2016,12.92491623
280,Kepler-533,,,Kepler-533 b,2016,28.51120525
521,Kepler-535,,,Kepler-535 b,2016,4.903321551
847,Kepler-536,,,Kepler-536 b,2016,1.827082299
848,Kepler-537,,,Kepler-537 b,2016,3.247555219
1286,Kepler-538,,,Kepler-538 b,2016,81.73778
991,Kepler-540,,,Kepler-540 b,2016,172.7049784
472,Kepler-541,,,Kepler-541 b,2016,5.08005848
281,Kepler-542,,,Kepler-542 b,2016,13.14497566
675,Kepler-543,,,Kepler-543 b,2016,13.89961966
478,Kepler-544,,,Kepler-544 b,2016,21.41616926
676,Kepler-545,,,Kepler-545 b,2016,13.24934059
113,Kepler-546,,,Kepler-546 b,2016,4.147020258
1146,Kepler-547,,,Kepler-547 b,2016,6.010384289
1108,Kepler-548,,,Kepler-548 b,2016,4.454194338
156,Kepler-550,,,Kepler-550 b,2016,8.600104109
201,Kepler-551,,,Kepler-551 b,2016,12.3764661
931,Kepler-552,,,Kepler-552 b,2016,5.263415765
1303,Kepler-554,,,Kepler-554 b,2016,1.902208556
1155,Kepler-555,,,Kepler-555 b,2016,16.21775407
904,Kepler-556,,,Kepler-556 b,2016,11.72292176
137,Kepler-557,,,Kepler-557 b,2016,3.705989551
1154,Kepler-558,,,Kepler-558 b,2016,29.00790538
153,Kepler-559,,,Kepler-559 b,2016,17.58752333
646,Kepler-560,,,Kepler-560 b,2016,18.47764449
1400,Kepler-562,,,Kepler-562 b,2016,18.009314436
176,Kepler-563,,,Kepler-563 b,2016,22.18432708
1293,Kepler-564,,,Kepler-564 b,2016,3.750832285
645,Kepler-565,,,Kepler-565 b,2016,4.243747226
731,Kepler-566,,,Kepler-566 b,2016,18.42794624
1417,Kepler-567,,,Kepler-567 b,2016,16.54297375
1280,Kepler-568,,,Kepler-568 b,2016,11.02347475
906,Kepler-569,,,Kepler-569 b,2016,34.18890521
1113,Kepler-570,,,Kepler-570 b,2016,4.301662003
822,Kepler-571,,,Kepler-571 b,2016,4.798599388
823,Kepler-572,,,Kepler-572 b,2016,17.20523483
1287,Kepler-573,,,Kepler-573 b,2016,22.18329658
1114,Kepler-574,,,Kepler-574 b,2016,7.65880414
1332,Kepler-575,,,Kepler-575 b,2016,9.37891944
1160,Kepler-576,,,Kepler-576 b,2016,29.91136794
647,Kepler-577,,,Kepler-577 b,2016,25.69578251
648,Kepler-578,,,Kepler-578 b,2016,1.616883696
1187,Kepler-579,,,Kepler-579 b,2016,9.66857723
1188,Kepler-580,,,Kepler-580 b,2016,8.222419656
211,Kepler-581,,,Kepler-581 b,2016,40.6069821
1251,Kepler-582,,,Kepler-582 b,2016,18.49235668
214,Kepler-583,,,Kepler-583 b,2016,6.5100253
216,Kepler-584,,,Kepler-584 b,2016,35.1810304
1277,Kepler-585,,,Kepler-585 b,2016,2.752359753
202,Kepler-586,,,Kepler-586 b,2016,2.104722184
157,Kepler-587,,,Kepler-587 b,2016,10.94027841
204,Kepler-588,,,Kepler-588 b,2016,4.221625357
1158,Kepler-590,,,Kepler-590 b,2016,5.85296257
26,Kepler-591,,,Kepler-591 b,2016,81.1694299
1159,Kepler-592,,,Kepler-592 b,2016,2.820192408
125,Kepler-593,,,Kepler-593 b,2016,21.21708973
943,Kepler-594,,,Kepler-594 b,2016,13.64618192
683,Kepler-596,,,Kepler-596 b,2016,21.30022655
1212,Kepler-597,,,Kepler-597 b,2016,13.02365861
1434,Kepler-599,,,Kepler-599 b,2016,15.65562652
454,Kepler-6,,,Kepler-6 b,2009,3.2346996
314,Kepler-600,,,Kepler-600 b,2016,23.67517607
474,Kepler-601,,,Kepler-601 b,2016,5.378868441
655,Kepler-602,,,Kepler-602 b,2016,15.28469497
546,Kepler-604,,,Kepler-604 b,2016,25.85501786
545,Kepler-606,,,Kepler-606 b,2016,24.31575992
1162,Kepler-608,,,Kepler-608 b,2016,6.412515037
1253,Kepler-609,,,Kepler-609 b,2016,6.521210666
1349,Kepler-61,,,Kepler-61 b,2013,59.87756
1254,Kepler-611,,,Kepler-611 b,2016,2.437033302
1391,Kepler-612,,,Kepler-612 b,2016,3.722156413
973,Kepler-613,,,Kepler-613 b,2016,15.77979614
656,Kepler-614,,,Kepler-614 b,2016,14.03491514
657,Kepler-615,,,Kepler-615 b,2016,10.35584657
1278,Kepler-617,,,Kepler-617 b,2016,1.682696148
532,Kepler-618,,,Kepler-618 b,2016,3.595769645
1296,Kepler-620,,,Kepler-620 b,2016,12.91375431
1186,Kepler-621,,,Kepler-621 b,2016,2.628113746
219,Kepler-622,,,Kepler-622 b,2016,14.28226676
228,Kepler-623,,,Kepler-623 b,2016,9.07097734
954,Kepler-624,,,Kepler-624 b,2016,14.58649607
1301,Kepler-626,,,Kepler-626 b,2016,14.48585199
934,Kepler-627,,,Kepler-627 b,2016,40.6994443
501,Kepler-629,,,Kepler-629 b,2016,7.2385854
594,Kepler-63,,,Kepler-63 b,2013,9.4341505
104,Kepler-630,,,Kepler-630 b,2016,161.4743937
1285,Kepler-631,,,Kepler-631 b,2016,17.97979059
294,Kepler-632,,,Kepler-632 b,2016,30.99660733
1309,Kepler-634,,,Kepler-634 b,2016,5.16950177
1228,Kepler-635,,,Kepler-635 b,2016,23.44971004
1220,Kepler-636,,,Kepler-636 b,2016,16.080661147
502,Kepler-637,,,Kepler-637 b,2016,23.20584623
503,Kepler-638,,,Kepler-638 b,2016,6.07972888
122,Kepler-639,,,Kepler-639 b,2016,10.21420496
1023,Kepler-640,,,Kepler-640 b,2016,22.24813967
460,Kepler-641,,,Kepler-641 b,2016,9.48961571
298,Kepler-642,,,Kepler-642 b,2016,4.41745855
538,Kepler-643,,,Kepler-643 b,2016,16.33889626
539,Kepler-644,,,Kepler-644 b,2016,3.173917103
504,Kepler-645,,,Kepler-645 b,2016,3.275822621
540,Kepler-646,,,Kepler-646 b,2016,15.87364565
680,Kepler-648,,,Kepler-648 b,2016,17.4211749
464,Kepler-649,,,Kepler-649 b,2016,29.90722674
141,Kepler-650,,,Kepler-650 b,2016,3.032145588
475,Kepler-651,,,Kepler-651 b,2016,21.38521506
935,Kepler-652,,,Kepler-652 b,2016,4.182002531
476,Kepler-654,,,Kepler-654 b,2016,13.72465129
8,Kepler-655,,,Kepler-655 b,2016,46.4063358
477,Kepler-657,,,Kepler-657 b,2016,24.54350418
974,Kepler-658,,,Kepler-658 b,2016,1.287076762
248,Kepler-659,,,Kepler-659 b,2016,17.671796
486,Kepler-66,,,Kepler-66 b,2013,17.815815
227,Kepler-660,,,Kepler-660 b,2016,9.27358194
235,Kepler-661,,,Kepler-661 b,2016,6.029301321
239,Kepler-662,,,Kepler-662 b,2016,21.67697486
687,Kepler-663,,,Kepler-663 b,2016,4.99678284
688,Kepler-664,,,Kepler-664 b,2016,2.525593315
258,Kepler-665,,,Kepler-665 b,2016,16.01310205
259,Kepler-666,,,Kepler-666 b,2016,4.49876092
1295,Kepler-667,,,Kepler-667 b,2016,41.43962808
260,Kepler-668,,,Kepler-668 b,2016,8.35390639
271,Kepler-669,,,Kepler-669 b,2016,4.125546869
850,Kepler-67,,,Kepler-67 b,2013,15.7259
1129,Kepler-670,,,Kepler-670 b,2016,2.816504852
296,Kepler-671,,,Kepler-671 b,2016,4.280958588
162,Kepler-672,,,Kepler-672 b,2016,38.3774623
272,Kepler-673,,,Kepler-673 b,2016,3.728731093
1170,Kepler-674,,,Kepler-674 b,2016,2.243381847
1418,Kepler-675,,,Kepler-675 b,2016,2.33743801
273,Kepler-676,,,Kepler-676 b,2016,11.59822172
1409,Kepler-677,,,Kepler-677 b,2016,6.57531678
1171,Kepler-678,,,Kepler-678 b,2016,7.27503724
81,Kepler-679,,,Kepler-679 b,2016,12.39358604
1130,Kepler-680,,,Kepler-680 b,2016,3.689926291
1172,Kepler-681,,,Kepler-681 b,2016,26.39435646
86,Kepler-682,,,Kepler-682 b,2016,12.611906672
595,Kepler-683,,,Kepler-683 b,2016,2.539183179
1173,Kepler-684,,,Kepler-684 b,2016,6.770302008
689,Kepler-685,,,Kepler-685 b,2016,1.6255222
1147,Kepler-686,,,Kepler-686 b,2016,1.594745463
551,Kepler-687,,,Kepler-687 b,2016,20.50586978
1202,Kepler-688,,,Kepler-688 b,2016,3.895936844
1148,Kepler-689,,,Kepler-689 b,2016,22.36656079
552,Kepler-690,,,Kepler-690 b,2016,7.748094374
690,Kepler-691,,,Kepler-691 b,2016,8.114379
637,Kepler-692,,,Kepler-692 b,2016,21.81293494
553,Kepler-693,,,Kepler-693 b,2016,15.37563332
668,Kepler-694,,,Kepler-694 b,2016,6.365841612
1135,Kepler-695,,,Kepler-695 b,2016,3.040330424
295,Kepler-696,,,Kepler-696 b,2016,4.190425575
1252,Kepler-697,,,Kepler-697 b,2016,3.709870645
301,Kepler-698,,,Kepler-698 b,2016,16.32976218
526,Kepler-7,,,Kepler-7 b,2009,4.8854892
677,Kepler-700,,,Kepler-700 b,2016,80.8720639
1136,Kepler-701,,,Kepler-701 b,2016,10.35533177
1134,Kepler-702,,,Kepler-702 b,2016,10.526294063
1307,Kepler-703,,,Kepler-703 b,2016,4.583521756
1137,Kepler-704,,,Kepler-704 b,2016,3.76182115
880,Kepler-705,,,Kepler-705 b,2016,56.0560538
249,Kepler-707,,,Kepler-707 b,2016,2.237492751
1138,Kepler-708,,,Kepler-708 b,2016,3.167891938
1413,Kepler-709,,,Kepler-709 b,2016,16.08524954
1140,Kepler-710,,,Kepler-710 b,2016,4.347285527
297,Kepler-711,,,Kepler-711 b,2016,23.58914398
1414,Kepler-713,,,Kepler-713 b,2016,7.411141
1139,Kepler-714,,,Kepler-714 b,2016,8.098887986
985,Kepler-715,,,Kepler-715 b,2016,10.00652995
563,Kepler-717,,,Kepler-717 b,2016,4.40840023
47,Kepler-718,,,Kepler-718 b,2016,2.052349905
1143,Kepler-719,,,Kepler-719 b,2016,5.007317779
564,Kepler-720,,,Kepler-720 b,2016,4.708326542
250,Kepler-721,,,Kepler-721 b,2016,5.392025388
291,Kepler-723,,,Kepler-723 b,2016,4.082275068
984,Kepler-724,,,Kepler-724 b,2016,3.314946338
542,Kepler-725,,,Kepler-725 b,2016,39.64317811
986,Kepler-726,,,Kepler-726 b,2016,21.80451088
1141,Kepler-727,,,Kepler-727 b,2016,5.154484417
255,Kepler-728,,,Kepler-728 b,2016,5.743477265
256,Kepler-729,,,Kepler-729 b,2016,3.166353714
257,Kepler-731,,,Kepler-731 b,2016,3.855603551
20,Kepler-733,,,Kepler-733 b,2016,20.83424726
987,Kepler-734,,,Kepler-734 b,2016,6.104852856
1281,Kepler-735,,,Kepler-735 b,2016,11.51516988
185,Kepler-736,,,Kepler-736 b,2016,3.60147201
1142,Kepler-737,,,Kepler-737 b,2016,28.59915399
988,Kepler-738,,,Kepler-738 b,2016,24.58721573
292,Kepler-739,,,Kepler-739 b,2016,12.53248465
1408,Kepler-74,,,Kepler-74 b,2013,7.340711
630,Kepler-740,,,Kepler-740 b,2016,3.584101216
631,Kepler-741,,,Kepler-741 b,2016,7.03902374
1401,Kepler-742,,,Kepler-742 b,2016,8.360868238
1214,Kepler-743,,,Kepler-743 b,2016,3.179262921
527,Kepler-744,,,Kepler-744 b,2016,12.06222443
989,Kepler-745,,,Kepler-745 b,2016,9.93143556
399,Kepler-746,,,Kepler-746 b,2016,3.48159251
629,Kepler-747,,,Kepler-747 b,2016,35.61760587
632,Kepler-748,,,Kepler-748 b,2016,7.40742793
1384,Kepler-749,,,Kepler-749 b,2016,17.31716585
849,Kepler-75,,,Kepler-75 b,2013,8.8849116
639,Kepler-751,,,Kepler-751 b,2016,17.44490636
1149,Kepler-752,,,Kepler-752 b,2016,18.82747265
1104,Kepler-753,,,Kepler-753 b,2016,5.747725012
1105,Kepler-754,,,Kepler-754 b,2016,14.5596237
691,Kepler-756,,,Kepler-756 b,2016,1.224866322
177,Kepler-757,,,Kepler-757 b,2016,1.022678821
264,Kepler-759,,,Kepler-759 b,2016,41.805985
1239,Kepler-76,,,Kepler-76 b,2013,1.5449298
975,Kepler-761,,,Kepler-761 b,2016,10.12804789
299,Kepler-762,,,Kepler-762 b,2016,3.770552098
1106,Kepler-764,,,Kepler-764 b,2016,7.33683936
1107,Kepler-765,,,Kepler-765 b,2016,27.6655226
304,Kepler-766,,,Kepler-766 b,2016,6.10027804
305,Kepler-767,,,Kepler-767 b,2016,161.5280101
571,Kepler-768,,,Kepler-768 b,2016,11.3910025
512,Kepler-77,,,Kepler-77 b,2013,3.57878087
360,Kepler-771,,,Kepler-771 b,2016,8.73485836
851,Kepler-772,,,Kepler-772 b,2016,12.99207337
549,Kepler-773,,,Kepler-773 b,2016,3.749100061
541,Kepler-774,,,Kepler-774 b,2016,11.0895723
1001,Kepler-775,,,Kepler-775 b,2016,0.974868926
312,Kepler-776,,,Kepler-776 b,2016,4.89718784
320,Kepler-777,,,Kepler-777 b,2016,5.72812599
1321,Kepler-778,,,Kepler-778 b,2016,3.75574426
990,Kepler-779,,,Kepler-779 b,2016,7.09714223
1311,Kepler-78,,,Kepler-78 b,2013,0.35500745
642,Kepler-780,,,Kepler-780 b,2016,0.677375164
992,Kepler-781,,,Kepler-781 b,2016,13.2140732
852,Kepler-782,,,Kepler-782 b,2016,158.6853308
670,Kepler-785,,,Kepler-785 b,2016,1.973760926
937,Kepler-786,,,Kepler-786 b,2016,53.5293487
669,Kepler-787,,,Kepler-787 b,2016,0.928310498
328,Kepler-788,,,Kepler-788 b,2016,8.39846269
24,Kepler-789,,,Kepler-789 b,2016,8.63847725
332,Kepler-790,,,Kepler-790 b,2016,13.73469807
1289,Kepler-791,,,Kepler-791 b,2016,14.5539759
379,Kepler-792,,,Kepler-792 b,2016,11.30119217
382,Kepler-793,,,Kepler-793 b,2016,4.24153639
776,Kepler-794,,,Kepler-794 b,2016,11.13125132
196,Kepler-795,,,Kepler-795 b,2016,29.6193421
195,Kepler-796,,,Kepler-796 b,2016,6.40087618
1115,Kepler-797,,,Kepler-797 b,2016,27.07237711
321,Kepler-798,,,Kepler-798 b,2016,13.71933369
855,Kepler-8,,,Kepler-8 b,2010,3.5224991
1348,Kepler-800,,,Kepler-800 b,2016,14.13176026
105,Kepler-801,,,Kepler-801 b,2016,11.41928253
1235,Kepler-802,,,Kepler-802 b,2016,40.0587473
1298,Kepler-803,,,Kepler-803 b,2016,50.28638192
1249,Kepler-805,,,Kepler-805 b,2016,30.8638931
786,Kepler-806,,,Kepler-806 b,2016,8.09219642
1310,Kepler-808,,,Kepler-808 b,2016,0.631332353
1156,Kepler-809,,,Kepler-809 b,2016,55.63934
17,Kepler-810,,,Kepler-810 b,2016,4.59725385
856,Kepler-811,,,Kepler-811 b,2016,23.58447697
1333,Kepler-812,,,Kepler-812 b,2016,10.11716531
329,Kepler-813,,,Kepler-813 b,2016,19.12947337
330,Kepler-814,,,Kepler-814 b,2016,6.1469851
857,Kepler-815,,,Kepler-815 b,2016,8.57503552
347,Kepler-816,,,Kepler-816 b,2016,10.506825646
1157,Kepler-817,,,Kepler-817 b,2016,3.990106229
311,Kepler-818,,,Kepler-818 b,2016,10.035385814
349,Kepler-819,,,Kepler-819 b,2016,33.1995648
522,Kepler-820,,,Kepler-820 b,2016,127.8338098
354,Kepler-821,,,Kepler-821 b,2016,1.92279873
98,Kepler-822,,,Kepler-822 b,2016,3.222969273
355,Kepler-823,,,Kepler-823 b,2016,4.16809082
342,Kepler-824,,,Kepler-824 b,2016,4.51436633
787,Kepler-826,,,Kepler-826 b,2016,4.48758907
348,Kepler-827,,,Kepler-827 b,2016,51.92927591
788,Kepler-828,,,Kepler-828 b,2016,0.567857136
351,Kepler-829,,,Kepler-829 b,2016,6.88337562
340,Kepler-830,,,Kepler-830 b,2016,11.29695137
1297,Kepler-831,,,Kepler-831 b,2016,5.62153941
352,Kepler-832,,,Kepler-832 b,2016,7.1396941
1116,Kepler-833,,,Kepler-833 b,2016,18.7546998
654,Kepler-834,,,Kepler-834 b,2016,13.32388301
659,Kepler-835,,,Kepler-835 b,2016,11.41909375
1328,Kepler-836,,,Kepler-836 b,2016,11.36112327
1221,Kepler-837,,,Kepler-837 b,2016,16.56059504
346,Kepler-838,,,Kepler-838 b,2016,15.74957994
473,Kepler-839,,,Kepler-839 b,2016,37.8144514
408,Kepler-841,,,Kepler-841 b,2016,124.4198398
406,Kepler-842,,,Kepler-842 b,2016,1.21956827
1247,Kepler-843,,,Kepler-843 b,2016,2.053879821
170,Kepler-844,,,Kepler-844 b,2016,2.613020856
89,Kepler-845,,,Kepler-845 b,2016,0.927859821
368,Kepler-846,,,Kepler-846 b,2016,19.80792185
1248,Kepler-847,,,Kepler-847 b,2016,2.343231895
559,Kepler-848,,,Kepler-848 b,2016,6.91134416
302,Kepler-849,,,Kepler-849 b,2016,394.62508
344,Kepler-850,,,Kepler-850 b,2016,7.19303878
1117,Kepler-851,,,Kepler-851 b,2016,8.50699658
792,Kepler-852,,,Kepler-852 b,2016,44.9309804
493,Kepler-853,,,Kepler-853 b,2016,7.16892463
994,Kepler-855,,,Kepler-855 b,2016,7.886631104
1125,Kepler-856,,,Kepler-856 b,2016,8.027680595
401,Kepler-857,,,Kepler-857 b,2016,85.35129427
793,Kepler-858,,,Kepler-858 b,2016,76.13602028
790,Kepler-859,,,Kepler-859 b,2016,20.38177573
1203,Kepler-860,,,Kepler-860 b,2016,5.101379454
1167,Kepler-861,,,Kepler-861 b,2016,3.949631375
1168,Kepler-862,,,Kepler-862 b,2016,3.148664534
1351,Kepler-863,,,Kepler-863 b,2016,15.59461874
375,Kepler-866,,,Kepler-866 b,2016,2.617032536
1290,Kepler-867,,,Kepler-867 b,2016,150.242127
1126,Kepler-868,,,Kepler-868 b,2016,5.03251791
1291,Kepler-869,,,Kepler-869 b,2016,40.4287755
1292,Kepler-870,,,Kepler-870 b,2016,21.3587621
369,Kepler-871,,,Kepler-871 b,2016,22.0459018
1002,Kepler-872,,,Kepler-872 b,2016,2.578855068
72,Kepler-873,,,Kepler-873 b,2016,20.5533844
1207,Kepler-874,,,Kepler-874 b,2016,40.0686727
370,Kepler-875,,,Kepler-875 b,2016,27.5073799
1208,Kepler-876,,,Kepler-876 b,2016,5.14438011
1209,Kepler-877,,,Kepler-877 b,2016,18.45847097
1350,Kepler-878,,,Kepler-878 b,2016,25.9422033
995,Kepler-881,,,Kepler-881 b,2016,4.44448017
134,Kepler-882,,,Kepler-882 b,2016,3.989539666
791,Kepler-883,,,Kepler-883 b,2016,12.98495573
939,Kepler-884,,,Kepler-884 b,2016,5.69919514
1215,Kepler-885,,,Kepler-885 b,2016,18.11472949
58,Kepler-886,,,Kepler-886 b,2016,6.24146367
938,Kepler-888,,,Kepler-888 b,2016,70.6979061
803,Kepler-889,,,Kepler-889 b,2016,3.744439
1034,Kepler-890,,,Kepler-890 b,2016,52.75875577
1121,Kepler-891,,,Kepler-891 b,2016,53.44945593
1110,Kepler-892,,,Kepler-892 b,2016,13.7521072
46,Kepler-893,,,Kepler-893 b,2016,6.33855761
1122,Kepler-894,,,Kepler-894 b,2016,9.803224
977,Kepler-895,,,Kepler-895 b,2016,2.806242328
978,Kepler-897,,,Kepler-897 b,2016,8.0472642
392,Kepler-898,,,Kepler-898 b,2016,5.8706191
411,Kepler-899,,,Kepler-899 b,2016,19.17891293
1123,Kepler-900,,,Kepler-900 b,2016,6.9913086
220,Kepler-901,,,Kepler-901 b,2016,3.517494394
1132,Kepler-902,,,Kepler-902 b,2016,40.1099547
218,Kepler-904,,,Kepler-904 b,2016,3.021668632
1216,Kepler-905,,,Kepler-905 b,2016,5.082746517
494,Kepler-906,,,Kepler-906 b,2016,41.6979976
1131,Kepler-907,,,Kepler-907 b,2016,15.86621821
802,Kepler-908,,,Kepler-908 b,2016,1.340597468
940,Kepler-909,,,Kepler-909 b,2016,13.93290318
1133,Kepler-91,,,Kepler-91 b,2013,6.24658
74,Kepler-910,,,Kepler-910 b,2016,2.364369015
197,Kepler-911,,,Kepler-911 b,2016,20.310501
981,Kepler-912,,,Kepler-912 b,2016,2.534756273
941,Kepler-914,,,Kepler-914 b,2016,4.40966548
861,Kepler-915,,,Kepler-915 b,2016,4.59489604
1230,Kepler-916,,,Kepler-916 b,2016,32.2968798
980,Kepler-917,,,Kepler-917 b,2016,2.970414375
1324,Kepler-918,,,Kepler-918 b,2016,4.85386933
834,Kepler-919,,,Kepler-919 b,2016,11.04603384
1163,Kepler-921,,,Kepler-921 b,2016,51.300634
932,Kepler-922,,,Kepler-922 b,2016,0.938466832
933,Kepler-923,,,Kepler-923 b,2016,6.93366476
804,Kepler-924,,,Kepler-924 b,2016,61.0370117
548,Kepler-925,,,Kepler-925 b,2016,33.8678531
1318,Kepler-926,,,Kepler-926 b,2016,52.0688601
1164,Kepler-927,,,Kepler-927 b,2016,9.1149903
23,Kepler-928,,,Kepler-928 b,2016,3.932461302
1217,Kepler-929,,,Kepler-929 b,2016,0.921032135
673,Kepler-930,,,Kepler-930 b,2016,71.4517775
1165,Kepler-931,,,Kepler-931 b,2016,8.03755877
1004,Kepler-932,,,Kepler-932 b,2016,1.921437396
1270,Kepler-933,,,Kepler-933 b,2016,14.20443009
1269,Kepler-934,,,Kepler-934 b,2016,55.6738309
1124,Kepler-935,,,Kepler-935 b,2016,4.88083852
665,Kepler-936,,,Kepler-936 b,2016,10.56134221
269,Kepler-938,,,Kepler-938 b,2016,52.6298417
1323,Kepler-939,,,Kepler-939 b,2016,14.878296
667,Kepler-940,,,Kepler-940 b,2016,59.6225257
361,Kepler-941,,,Kepler-941 b,2016,17.42395198
720,Kepler-942,,,Kepler-942 b,2016,44.96417488
1325,Kepler-943,,,Kepler-943 b,2016,49.7701438
293,Kepler-944,,,Kepler-944 b,2016,43.3167737
1109,Kepler-945,,,Kepler-945 b,2016,31.0033814
94,Kepler-946,,,Kepler-946 b,2016,11.79162572
300,Kepler-947,,,Kepler-947 b,2016,26.9644317
808,Kepler-948,,,Kepler-948 b,2016,7.76846622
719,Kepler-95,,,Kepler-95 b,2014,11.5231
1166,Kepler-950,,,Kepler-950 b,2016,98.7180406
362,Kepler-951,,,Kepler-951 b,2016,71.52530845
1224,Kepler-952,,,Kepler-952 b,2016,130.3546919
766,Kepler-954,,,Kepler-954 b,2016,16.78176602
702,Kepler-955,,,Kepler-955 b,2016,14.53244172
284,Kepler-956,,,Kepler-956 b,2016,5.248672631
652,Kepler-957,,,Kepler-957 b,2016,5.907413537
1294,Kepler-958,,,Kepler-958 b,2016,9.7678805
109,Kepler-959,,,Kepler-959 b,2016,14.80074836
672,Kepler-96,,,Kepler-96 b,2014,16.2385
767,Kepler-960,,,Kepler-960 b,2016,3.12686223
1257,Kepler-961,,,Kepler-961 b,2016,16.87727414
547,Kepler-962,,,Kepler-962 b,2016,12.05707239
951,Kepler-964,,,Kepler-964 b,2016,13.5225106
862,Kepler-965,,,Kepler-965 b,2016,134.2527298
827,Kepler-966,,,Kepler-966 b,2016,99.747622
147,Kepler-970,,,Kepler-970 b,2016,16.736525
865,Kepler-971,,,Kepler-971 b,2016,9.59070716
653,Kepler-972,,,Kepler-972 b,2016,7.03932553
955,Kepler-973,,,Kepler-973 b,2016,49.6077331
1161,Kepler-976,,,Kepler-976 b,2016,105.9564148
151,Kepler-977,,,Kepler-977 b,2016,26.85328322
306,Kepler-978,,,Kepler-978 b,2016,49.6221509
1352,Kepler-979,,,Kepler-979 b,2016,8.0880135
674,Kepler-98,,,Kepler-98 b,2014,1.54168
952,Kepler-980,,,Kepler-980 b,2016,11.55102504
1354,Kepler-981,,,Kepler-981 b,2016,4.469757736
809,Kepler-982,,,Kepler-982 b,2016,15.7738221
982,Kepler-983,,,Kepler-983 b,2016,60.0855082
772,Kepler-984,,,Kepler-984 b,2016,43.0342272
1258,Kepler-985,,,Kepler-985 b,2016,116.331901
864,Kepler-986,,,Kepler-986 b,2016,56.4349938
929,Kepler-987,,,Kepler-987 b,2016,105.3033148
930,Kepler-988,,,Kepler-988 b,2016,17.76080053
1264,Kepler-989,,,Kepler-989 b,2016,7.964315352
810,Kepler-99,,,Kepler-99 b,2014,4.60358
693,Kepler-991,,,Kepler-991 b,2016,82.5342519
866,Kepler-992,,,Kepler-992 b,2016,20.16034462
308,Kepler-993,,,Kepler-993 b,2016,22.08557563
1370,Kepler-994,,,Kepler-994 b,2016,1.151166506
371,Kepler-995,,,Kepler-995 b,2016,28.26731672
309,Kepler-996,,,Kepler-996 b,2016,3.770590584
811,Kepler-997,,,Kepler-997 b,2016,2.707306716
983,Kepler-998,,,Kepler-998 b,2016,5.65377733
953,Kepler-999,,,Kepler-999 b,2016,5.991857017
